t2_id,origin_id,source
t2-0001,real-0001,youtube-tutorials
t2-0002,real-0002,youtube-tutorials
t2-0003,real-0003,youtube-tutorials
t2-0004,real-0004,youtube-tutorials
t2-0005,real-0005,youtube-tutorials
t2-0006,real-0006,youtube-tutorials
t2-0007,real-0007,youtube-tutorials
t2-0008,real-0008,youtube-tutorials
t2-0009,real-0009,youtube-tutorials
t2-0010,real-0010,youtube-tutorials
t2-0011,real-0011,youtube-tutorials
t2-0012,real-0012,youtube-tutorials
t2-0013,real-0013,youtube-tutorials
t2-0014,real-0014,youtube-tutorials
t2-0015,real-0015,youtube-tutorials
t2-0016,real-0016,youtube-tutorials
t2-0017,real-0017,youtube-tutorials
t2-0018,real-0018,youtube-tutorials
t2-0019,real-0019,youtube-tutorials
t2-0020,real-0020,youtube-tutorials
t2-0021,real-0021,youtube-tutorials
t2-0022,real-0022,youtube-tutorials
t2-0023,real-0023,youtube-tutorials
t2-0024,real-0024,youtube-tutorials
t2-0025,real-0025,youtube-tutorials
t2-0026,real-0026,youtube-tutorials
t2-0027,real-0027,youtube-tutorials
t2-0028,real-0028,youtube-tutorials
t2-0029,real-0029,youtube-tutorials
t2-0030,real-0030,youtube-tutorials
t2-0031,real-0031,youtube-tutorials
t2-0032,real-0032,youtube-tutorials
t2-0033,real-0033,youtube-tutorials
t2-0034,real-0034,youtube-tutorials
t2-0035,real-0035,youtube-tutorials
t2-0036,real-0036,youtube-tutorials
t2-0037,real-0037,youtube-tutorials
t2-0038,real-0038,youtube-tutorials
t2-0039,real-0039,youtube-tutorials
t2-0040,real-0040,youtube-tutorials
t2-0041,real-0041,youtube-tutorials
t2-0042,real-0042,youtube-tutorials
t2-0043,real-0043,youtube-tutorials
t2-0044,real-0044,youtube-tutorials
t2-0045,real-0045,youtube-tutorials
t2-0046,real-0046,youtube-tutorials
t2-0047,real-0047,youtube-tutorials
t2-0048,real-0048,youtube-tutorials
t2-0049,real-0049,youtube-tutorials
t2-0050,real-0050,youtube-tutorials
t2-0051,real-0051,youtube-tutorials
t2-0052,real-0052,youtube-tutorials
t2-0053,real-0053,youtube-tutorials
t2-0054,real-0054,youtube-tutorials
t2-0055,real-0055,youtube-tutorials
t2-0056,real-0056,youtube-tutorials
t2-0057,real-0057,youtube-tutorials
t2-0058,real-0058,youtube-tutorials
t2-0059,real-0059,youtube-tutorials
t2-0060,real-0060,youtube-tutorials
t2-0061,real-0061,youtube-tutorials
t2-0062,real-0062,youtube-tutorials
t2-0063,real-0063,youtube-tutorials
t2-0064,real-0064,youtube-tutorials
t2-0065,real-0065,youtube-tutorials
t2-0066,real-0066,youtube-tutorials
t2-0067,real-0067,youtube-tutorials
t2-0068,real-0068,youtube-tutorials
t2-0069,real-0069,youtube-tutorials
t2-0070,real-0070,youtube-tutorials
t2-0071,real-0071,youtube-tutorials
t2-0072,real-0072,youtube-tutorials
t2-0073,real-0073,youtube-tutorials
t2-0074,real-0074,youtube-tutorials
t2-0075,real-0075,youtube-tutorials
t2-0076,real-0076,youtube-tutorials
t2-0077,real-0077,youtube-tutorials
t2-0078,real-0078,youtube-tutorials
t2-0079,real-0079,youtube-tutorials
t2-0080,real-0080,youtube-tutorials
t2-0081,real-0081,youtube-tutorials
t2-0082,real-0082,youtube-tutorials
t2-0083,real-0083,youtube-tutorials
t2-0084,real-0084,youtube-tutorials
t2-0085,real-0085,youtube-tutorials
t2-0086,real-0086,youtube-tutorials
t2-0087,real-0087,youtube-tutorials
t2-0088,real-0088,youtube-tutorials
t2-0089,real-0089,youtube-tutorials
t2-0090,real-0090,youtube-tutorials
t2-0091,real-0091,youtube-tutorials
t2-0092,real-0092,youtube-tutorials
t2-0093,real-0093,youtube-tutorials
t2-0094,real-0094,youtube-tutorials
t2-0095,real-0095,youtube-tutorials
t2-0096,real-0096,youtube-tutorials
t2-0097,real-0097,youtube-tutorials
t2-0098,real-0098,youtube-tutorials
t2-0099,real-0099,youtube-tutorials
t2-0100,real-0100,youtube-tutorials
t2-0101,real-0101,youtube-tutorials
t2-0102,real-0102,youtube-tutorials
t2-0103,real-0103,youtube-tutorials
t2-0104,real-0104,youtube-tutorials
t2-0105,real-0105,youtube-tutorials
t2-0106,real-0106,youtube-tutorials
t2-0107,real-0107,youtube-tutorials
t2-0108,real-0108,youtube-tutorials
t2-0109,real-0109,youtube-tutorials
t2-0110,real-0110,youtube-tutorials
t2-0111,real-0111,youtube-tutorials
t2-0112,real-0112,youtube-tutorials
t2-0113,real-0113,youtube-tutorials
t2-0114,real-0114,youtube-tutorials
t2-0115,real-0115,youtube-tutorials
t2-0116,real-0116,youtube-tutorials
t2-0117,real-0117,youtube-tutorials
t2-0118,real-0118,youtube-tutorials
t2-0119,real-0119,youtube-tutorials
t2-0120,real-0120,youtube-tutorials
t2-0121,real-0121,youtube-tutorials
t2-0122,real-0122,youtube-tutorials
t2-0123,real-0123,youtube-tutorials
t2-0124,real-0124,youtube-tutorials
t2-0125,real-0125,youtube-tutorials
t2-0126,real-0126,youtube-tutorials
t2-0127,real-0127,youtube-tutorials
t2-0128,real-0128,youtube-tutorials
t2-0129,real-0129,youtube-tutorials
t2-0130,real-0130,youtube-tutorials
t2-0131,real-0131,youtube-tutorials
t2-0132,real-0132,youtube-tutorials
t2-0133,real-0133,youtube-tutorials
t2-0134,real-0134,youtube-tutorials
t2-0135,real-0135,youtube-tutorials
t2-0136,real-0136,youtube-tutorials
t2-0137,real-0137,youtube-tutorials
t2-0138,real-0138,youtube-tutorials
t2-0139,real-0139,youtube-tutorials
t2-0140,real-0140,youtube-tutorials
t2-0141,real-0141,youtube-tutorials
t2-0142,real-0142,youtube-tutorials
t2-0143,real-0143,youtube-tutorials
t2-0144,real-0144,youtube-tutorials
t2-0145,real-0145,youtube-tutorials
t2-0146,real-0146,youtube-tutorials
t2-0147,real-0147,youtube-tutorials
t2-0148,real-0148,youtube-tutorials
t2-0149,real-0149,youtube-tutorials
t2-0150,real-0150,youtube-tutorials
t2-0151,real-0151,youtube-tutorials
t2-0152,real-0152,youtube-tutorials
t2-0153,real-0153,youtube-tutorials
t2-0154,real-0154,youtube-tutorials
t2-0155,real-0155,youtube-tutorials
t2-0156,real-0156,youtube-tutorials
t2-0157,real-0157,youtube-tutorials
t2-0158,real-0158,youtube-tutorials
t2-0159,real-0159,youtube-tutorials
t2-0160,real-0160,youtube-tutorials
t2-0161,real-0161,youtube-tutorials
t2-0162,real-0162,youtube-tutorials
t2-0163,real-0163,youtube-tutorials
t2-0164,real-0164,youtube-tutorials
t2-0165,real-0165,youtube-tutorials
t2-0166,real-0166,youtube-tutorials
t2-0167,real-0167,youtube-tutorials
t2-0168,real-0168,youtube-tutorials
t2-0169,real-0169,youtube-tutorials
t2-0170,real-0170,youtube-tutorials
t2-0171,real-0171,youtube-tutorials
t2-0172,real-0172,youtube-tutorials
t2-0173,real-0173,youtube-tutorials
t2-0174,real-0174,youtube-tutorials
t2-0175,real-0175,youtube-tutorials
t2-0176,real-0176,youtube-tutorials
t2-0177,real-0177,youtube-tutorials
t2-0178,real-0178,youtube-tutorials
t2-0179,real-0179,youtube-tutorials
t2-0180,real-0180,youtube-tutorials
t2-0181,real-0181,youtube-tutorials
t2-0182,real-0182,youtube-tutorials
t2-0183,real-0183,youtube-tutorials
t2-0184,real-0184,youtube-tutorials
t2-0185,real-0185,youtube-tutorials
t2-0186,real-0186,youtube-tutorials
t2-0187,real-0187,youtube-tutorials
t2-0188,real-0188,youtube-tutorials
t2-0189,real-0189,youtube-tutorials
t2-0190,real-0190,youtube-tutorials
t2-0191,real-0191,youtube-tutorials
t2-0192,real-0192,youtube-tutorials
t2-0193,real-0193,youtube-tutorials
t2-0194,real-0194,youtube-tutorials
t2-0195,real-0195,youtube-tutorials
t2-0196,real-0196,youtube-tutorials
t2-0197,real-0197,youtube-tutorials
t2-0198,real-0198,youtube-tutorials
t2-0199,real-0199,youtube-tutorials
t2-0200,real-0200,youtube-tutorials
t2-0201,real-0201,youtube-tutorials
t2-0202,real-0202,youtube-tutorials
t2-0203,real-0203,youtube-tutorials
t2-0204,real-0204,youtube-tutorials
t2-0205,real-0205,youtube-tutorials
t2-0206,real-0206,youtube-tutorials
t2-0207,real-0207,youtube-tutorials
t2-0208,real-0208,youtube-tutorials
t2-0209,real-0209,youtube-tutorials
t2-0210,real-0210,youtube-tutorials
t2-0211,real-0211,youtube-tutorials
t2-0212,real-0212,youtube-tutorials
t2-0213,real-0213,youtube-tutorials
t2-0214,real-0214,youtube-tutorials
t2-0215,real-0215,youtube-tutorials
t2-0216,real-0216,youtube-tutorials
t2-0217,real-0217,youtube-tutorials
t2-0218,real-0218,youtube-tutorials
t2-0219,real-0219,youtube-tutorials
t2-0220,real-0220,youtube-tutorials
t2-0221,real-0221,youtube-tutorials
t2-0222,real-0222,youtube-tutorials
t2-0223,real-0223,youtube-tutorials
t2-0224,real-0224,youtube-tutorials
t2-0225,real-0225,youtube-tutorials
t2-0226,real-0226,youtube-tutorials
t2-0227,real-0227,youtube-tutorials
t2-0228,real-0228,youtube-tutorials
t2-0229,real-0229,youtube-tutorials
t2-0230,real-0230,youtube-tutorials
t2-0231,real-0231,youtube-tutorials
t2-0232,real-0232,youtube-tutorials
t2-0233,real-0233,youtube-tutorials
t2-0234,real-0234,youtube-tutorials
t2-0235,real-0235,youtube-tutorials
t2-0236,real-0236,youtube-tutorials
t2-0237,real-0237,youtube-tutorials
t2-0238,real-0238,youtube-tutorials
t2-0239,real-0239,youtube-tutorials
t2-0240,real-0240,youtube-tutorials
t2-0241,real-0241,youtube-tutorials
t2-0242,real-0242,youtube-tutorials
t2-0243,real-0243,youtube-tutorials
t2-0244,real-0244,youtube-tutorials
t2-0245,real-0245,youtube-tutorials
t2-0246,real-0246,youtube-tutorials
t2-0247,real-0247,youtube-tutorials
t2-0248,real-0248,youtube-tutorials
t2-0249,real-0249,youtube-tutorials
t2-0250,real-0250,youtube-tutorials
t2-0251,real-0251,youtube-tutorials
t2-0252,real-0252,youtube-tutorials
t2-0253,real-0253,youtube-tutorials
t2-0254,real-0254,youtube-tutorials
t2-0255,real-0255,youtube-tutorials
t2-0256,real-0256,youtube-tutorials
t2-0257,real-0257,youtube-tutorials
t2-0258,real-0258,youtube-tutorials
t2-0259,real-0259,youtube-tutorials
t2-0260,real-0260,youtube-tutorials
t2-0261,real-0261,youtube-tutorials
t2-0262,real-0262,youtube-tutorials
t2-0263,real-0263,youtube-tutorials
t2-0264,real-0264,youtube-tutorials
t2-0265,real-0265,youtube-tutorials
t2-0266,real-0266,youtube-tutorials
t2-0267,real-0267,youtube-tutorials
t2-0268,real-0268,youtube-tutorials
t2-0269,real-0269,youtube-tutorials
t2-0270,real-0270,youtube-tutorials
t2-0271,real-0271,youtube-tutorials
t2-0272,real-0272,youtube-tutorials
t2-0273,real-0273,youtube-tutorials
t2-0274,real-0274,youtube-tutorials
t2-0275,real-0275,youtube-tutorials
t2-0276,real-0276,youtube-tutorials
t2-0277,real-0277,youtube-tutorials
t2-0278,real-0278,youtube-tutorials
t2-0279,real-0279,youtube-tutorials
t2-0280,real-0280,youtube-tutorials
t2-0281,real-0281,youtube-tutorials
t2-0282,real-0282,youtube-tutorials
t2-0283,real-0283,youtube-tutorials
t2-0284,real-0284,youtube-tutorials
t2-0285,real-0285,youtube-tutorials
t2-0286,real-0286,youtube-tutorials
t2-0287,real-0287,youtube-tutorials
t2-0288,real-0288,youtube-tutorials
t2-0289,real-0289,youtube-tutorials
t2-0290,real-0290,youtube-tutorials
t2-0291,real-0291,youtube-tutorials
t2-0292,real-0292,youtube-tutorials
t2-0293,real-0293,youtube-tutorials
t2-0294,real-0294,youtube-tutorials
t2-0295,real-0295,youtube-tutorials
t2-0296,real-0296,youtube-tutorials
t2-0297,real-0297,youtube-tutorials
t2-0298,real-0298,youtube-tutorials
t2-0299,real-0299,youtube-tutorials
t2-0300,real-0300,youtube-tutorials
t2-0301,real-0301,youtube-tutorials
t2-0302,real-0302,youtube-tutorials
t2-0303,real-0303,youtube-tutorials
t2-0304,real-0304,youtube-tutorials
t2-0305,real-0305,youtube-tutorials
t2-0306,real-0306,youtube-tutorials
t2-0307,real-0307,youtube-tutorials
t2-0308,real-0308,youtube-tutorials
t2-0309,real-0309,youtube-tutorials
t2-0310,real-0310,youtube-tutorials
t2-0311,real-0311,youtube-tutorials
t2-0312,real-0312,youtube-tutorials
t2-0313,real-0313,youtube-tutorials
t2-0314,real-0314,youtube-tutorials
t2-0315,real-0315,youtube-tutorials
t2-0316,real-0316,youtube-tutorials
t2-0317,real-0317,youtube-tutorials
t2-0318,real-0318,youtube-tutorials
t2-0319,real-0319,youtube-tutorials
t2-0320,real-0320,youtube-tutorials
t2-0321,real-0321,youtube-tutorials
t2-0322,real-0322,youtube-tutorials
t2-0323,real-0323,youtube-tutorials
t2-0324,real-0324,youtube-tutorials
t2-0325,real-0325,youtube-tutorials
t2-0326,real-0326,youtube-tutorials
t2-0327,real-0327,youtube-tutorials
t2-0328,real-0328,youtube-tutorials
t2-0329,real-0329,youtube-tutorials
t2-0330,real-0330,youtube-tutorials
t2-0331,real-0331,youtube-tutorials
t2-0332,real-0332,youtube-tutorials
t2-0333,real-0333,youtube-tutorials
t2-0334,real-0334,youtube-tutorials
t2-0335,real-0335,youtube-tutorials
t2-0336,real-0336,youtube-tutorials
t2-0337,real-0337,youtube-tutorials
t2-0338,real-0338,youtube-tutorials
t2-0339,real-0339,youtube-tutorials
t2-0340,real-0340,youtube-tutorials
t2-0341,real-0341,youtube-tutorials
t2-0342,real-0342,youtube-tutorials
t2-0343,real-0343,youtube-tutorials
t2-0344,real-0344,youtube-tutorials
t2-0345,real-0345,youtube-tutorials
t2-0346,real-0346,youtube-tutorials
t2-0347,real-0347,youtube-tutorials
t2-0348,real-0348,youtube-tutorials
t2-0349,real-0349,youtube-tutorials
t2-0350,real-0350,youtube-tutorials
t2-0351,real-0351,youtube-tutorials
t2-0352,real-0352,youtube-tutorials
t2-0353,real-0353,youtube-tutorials
t2-0354,real-0354,youtube-tutorials
t2-0355,real-0355,youtube-tutorials
t2-0356,real-0356,youtube-tutorials
t2-0357,real-0357,youtube-tutorials
t2-0358,real-0358,youtube-tutorials
t2-0359,real-0359,youtube-tutorials
t2-0360,real-0360,youtube-tutorials
t2-0361,real-0361,youtube-tutorials
t2-0362,real-0362,youtube-tutorials
t2-0363,real-0363,youtube-tutorials
t2-0364,real-0364,youtube-tutorials
t2-0365,real-0365,youtube-tutorials
t2-0366,real-0366,youtube-tutorials
t2-0367,real-0367,youtube-tutorials
t2-0368,real-0368,youtube-tutorials
t2-0369,real-0369,youtube-tutorials
t2-0370,real-0370,youtube-tutorials
t2-0371,real-0371,youtube-tutorials
t2-0372,real-0372,youtube-tutorials
t2-0373,real-0373,youtube-tutorials
t2-0374,real-0374,youtube-tutorials
t2-0375,real-0375,youtube-tutorials
t2-0376,real-0376,youtube-tutorials
t2-0377,real-0377,youtube-tutorials
t2-0378,real-0378,youtube-tutorials
t2-0379,real-0379,youtube-tutorials
t2-0380,real-0380,youtube-tutorials
t2-0381,real-0381,youtube-tutorials
t2-0382,real-0382,youtube-tutorials
t2-0383,real-0383,youtube-tutorials
t2-0384,real-0384,youtube-tutorials
t2-0385,real-0385,youtube-tutorials
t2-0386,real-0386,youtube-tutorials
t2-0387,real-0387,youtube-tutorials
t2-0388,real-0388,youtube-tutorials
t2-0389,real-0389,youtube-tutorials
t2-0390,real-0390,youtube-tutorials
t2-0391,real-0391,youtube-tutorials
t2-0392,real-0392,youtube-tutorials
t2-0393,real-0393,youtube-tutorials
t2-0394,real-0394,youtube-tutorials
t2-0395,real-0395,youtube-tutorials
t2-0396,real-0396,youtube-tutorials
t2-0397,real-0397,youtube-tutorials
t2-0398,real-0398,youtube-tutorials
t2-0399,real-0399,youtube-tutorials
t2-0400,real-0400,youtube-tutorials
t2-0401,real-0401,youtube-tutorials
t2-0402,real-0402,youtube-tutorials
t2-0403,real-0403,youtube-tutorials
t2-0404,real-0404,youtube-tutorials
t2-0405,real-0405,youtube-tutorials
t2-0406,real-0406,youtube-tutorials
t2-0407,real-0407,youtube-tutorials
t2-0408,real-0408,youtube-tutorials
t2-0409,real-0409,youtube-tutorials
t2-0410,real-0410,youtube-tutorials
t2-0411,real-0411,youtube-tutorials
t2-0412,real-0412,youtube-tutorials
t2-0413,real-0413,youtube-tutorials
t2-0414,real-0414,youtube-tutorials
t2-0415,real-0415,youtube-tutorials
t2-0416,real-0416,youtube-tutorials
t2-0417,real-0417,youtube-tutorials
t2-0418,real-0418,youtube-tutorials
t2-0419,real-0419,youtube-tutorials
t2-0420,real-0420,youtube-tutorials
t2-0421,real-0421,youtube-tutorials
t2-0422,real-0422,youtube-tutorials
t2-0423,real-0423,youtube-tutorials
t2-0424,real-0424,youtube-tutorials
t2-0425,real-0425,youtube-tutorials
t2-0426,real-0426,youtube-tutorials
t2-0427,real-0427,youtube-tutorials
t2-0428,real-0428,youtube-tutorials
t2-0429,real-0429,youtube-tutorials
t2-0430,real-0430,youtube-tutorials
t2-0431,real-0431,youtube-tutorials
t2-0432,real-0432,youtube-tutorials
t2-0433,real-0433,youtube-tutorials
t2-0434,real-0434,youtube-tutorials
t2-0435,real-0435,youtube-tutorials
t2-0436,real-0436,youtube-tutorials
t2-0437,real-0437,youtube-tutorials
t2-0438,real-0438,youtube-tutorials
t2-0439,real-0439,youtube-tutorials
t2-0440,real-0440,youtube-tutorials
t2-0441,real-0441,youtube-tutorials
t2-0442,real-0442,youtube-tutorials
t2-0443,real-0443,youtube-tutorials
t2-0444,real-0444,youtube-tutorials
t2-0445,real-0445,youtube-tutorials
t2-0446,real-0446,youtube-tutorials
t2-0447,real-0447,youtube-tutorials
t2-0448,real-0448,youtube-tutorials
t2-0449,real-0449,youtube-tutorials
t2-0450,real-0450,youtube-tutorials
t2-0451,real-0451,youtube-tutorials
t2-0452,real-0452,youtube-tutorials
t2-0453,real-0453,youtube-tutorials
t2-0454,real-0454,youtube-tutorials
t2-0455,real-0455,youtube-tutorials
t2-0456,real-0456,youtube-tutorials
t2-0457,real-0457,youtube-tutorials
t2-0458,real-0458,youtube-tutorials
t2-0459,real-0459,youtube-tutorials
t2-0460,real-0460,youtube-tutorials
t2-0461,real-0461,youtube-tutorials
t2-0462,real-0462,youtube-tutorials
t2-0463,real-0463,youtube-tutorials
t2-0464,real-0464,youtube-tutorials
t2-0465,real-0465,youtube-tutorials
t2-0466,real-0466,youtube-tutorials
t2-0467,real-0467,youtube-tutorials
t2-0468,real-0468,youtube-tutorials
t2-0469,real-0469,youtube-tutorials
t2-0470,real-0470,youtube-tutorials
t2-0471,real-0471,youtube-tutorials
t2-0472,real-0472,youtube-tutorials
t2-0473,real-0473,youtube-tutorials
t2-0474,real-0474,youtube-tutorials
t2-0475,real-0475,youtube-tutorials
t2-0476,real-0476,youtube-tutorials
t2-0477,real-0477,youtube-tutorials
t2-0478,real-0478,youtube-tutorials
t2-0479,real-0479,youtube-tutorials
t2-0480,real-0480,youtube-tutorials
t2-0481,real-0481,youtube-tutorials
t2-0482,real-0482,youtube-tutorials
t2-0483,real-0483,youtube-tutorials
t2-0484,real-0484,youtube-tutorials
t2-0485,real-0485,youtube-tutorials
t2-0486,real-0486,youtube-tutorials
t2-0487,real-0487,youtube-tutorials
t2-0488,real-0488,youtube-tutorials
t2-0489,real-0489,youtube-tutorials
t2-0490,real-0490,youtube-tutorials
t2-0491,real-0491,youtube-tutorials
t2-0492,real-0492,youtube-tutorials
t2-0493,real-0493,youtube-tutorials
t2-0494,real-0494,youtube-tutorials
t2-0495,real-0495,youtube-tutorials
t2-0496,real-0496,youtube-tutorials
t2-0497,real-0497,youtube-tutorials
t2-0498,real-0498,youtube-tutorials
t2-0499,real-0499,youtube-tutorials
t2-0500,real-0500,youtube-tutorials
t2-0501,real-0501,youtube-tutorials
t2-0502,real-0502,youtube-tutorials
t2-0503,real-0503,youtube-tutorials
t2-0504,real-0504,youtube-tutorials
t2-0505,real-0505,youtube-tutorials
t2-0506,real-0506,youtube-tutorials
t2-0507,real-0507,youtube-tutorials
t2-0508,real-0508,youtube-tutorials
t2-0509,real-0509,youtube-tutorials
t2-0510,real-0510,youtube-tutorials
t2-0511,real-0511,youtube-tutorials
t2-0512,real-0512,youtube-tutorials
t2-0513,real-0513,youtube-tutorials
t2-0514,real-0514,youtube-tutorials
t2-0515,real-0515,youtube-tutorials
t2-0516,real-0516,youtube-tutorials
t2-0517,real-0517,youtube-tutorials
t2-0518,real-0518,youtube-tutorials
t2-0519,real-0519,youtube-tutorials
t2-0520,real-0520,youtube-tutorials
t2-0521,real-0521,youtube-tutorials
t2-0522,real-0522,youtube-tutorials
t2-0523,real-0523,youtube-tutorials
t2-0524,real-0524,youtube-tutorials
t2-0525,real-0525,youtube-tutorials
t2-0526,real-0526,youtube-tutorials
t2-0527,real-0527,youtube-tutorials
t2-0528,real-0528,youtube-tutorials
t2-0529,real-0529,youtube-tutorials
t2-0530,real-0530,youtube-tutorials
t2-0531,real-0531,youtube-tutorials
t2-0532,real-0532,youtube-tutorials
t2-0533,real-0533,youtube-tutorials
t2-0534,real-0534,youtube-tutorials
t2-0535,real-0535,youtube-tutorials
t2-0536,real-0536,youtube-tutorials
t2-0537,real-0537,youtube-tutorials
t2-0538,real-0538,youtube-tutorials
t2-0539,real-0539,youtube-tutorials
t2-0540,real-0540,youtube-tutorials
t2-0541,real-0541,youtube-tutorials
t2-0542,real-0542,youtube-tutorials
t2-0543,real-0543,youtube-tutorials
t2-0544,real-0544,youtube-tutorials
t2-0545,real-0545,youtube-tutorials
t2-0546,real-0546,youtube-tutorials
t2-0547,real-0547,youtube-tutorials
t2-0548,real-0548,youtube-tutorials
t2-0549,real-0549,youtube-tutorials
t2-0550,real-0550,youtube-tutorials
t2-0551,real-0551,youtube-tutorials
t2-0552,real-0552,youtube-tutorials
t2-0553,real-0553,youtube-tutorials
t2-0554,real-0554,youtube-tutorials
t2-0555,real-0555,youtube-tutorials
t2-0556,real-0556,youtube-tutorials
t2-0557,real-0557,youtube-tutorials
t2-0558,real-0558,youtube-tutorials
t2-0559,real-0559,youtube-tutorials
t2-0560,real-0560,youtube-tutorials
t2-0561,real-0561,youtube-tutorials
t2-0562,real-0562,youtube-tutorials
t2-0563,real-0563,youtube-tutorials
t2-0564,real-0564,youtube-tutorials
t2-0565,real-0565,youtube-tutorials
t2-0566,real-0566,youtube-tutorials
t2-0567,real-0567,youtube-tutorials
t2-0568,real-0568,youtube-tutorials
t2-0569,real-0569,youtube-tutorials
t2-0570,real-0570,youtube-tutorials
t2-0571,real-0571,youtube-tutorials
t2-0572,real-0572,youtube-tutorials
t2-0573,real-0573,youtube-tutorials
t2-0574,real-0574,youtube-tutorials
t2-0575,real-0575,youtube-tutorials
t2-0576,real-0576,youtube-tutorials
t2-0577,real-0577,youtube-tutorials
t2-0578,real-0578,youtube-tutorials
t2-0579,real-0579,youtube-tutorials
t2-0580,real-0580,youtube-tutorials
t2-0581,real-0581,youtube-tutorials
t2-0582,real-0582,youtube-tutorials
t2-0583,real-0583,youtube-tutorials
t2-0584,real-0584,youtube-tutorials
t2-0585,real-0585,youtube-tutorials
t2-0586,real-0586,youtube-tutorials
t2-0587,real-0587,youtube-tutorials
t2-0588,real-0588,youtube-tutorials
t2-0589,real-0589,youtube-tutorials
t2-0590,real-0590,youtube-tutorials
t2-0591,real-0591,youtube-tutorials
t2-0592,real-0592,youtube-tutorials
t2-0593,real-0593,youtube-tutorials
t2-0594,real-0594,youtube-tutorials
t2-0595,real-0595,youtube-tutorials
t2-0596,real-0596,youtube-tutorials
t2-0597,real-0597,youtube-tutorials
t2-0598,real-0598,youtube-tutorials
t2-0599,real-0599,youtube-tutorials
t2-0600,real-0600,youtube-tutorials
t2-0601,real-0601,youtube-tutorials
t2-0602,real-0602,youtube-tutorials
t2-0603,real-0603,youtube-tutorials
t2-0604,real-0604,youtube-tutorials
t2-0605,real-0605,youtube-tutorials
t2-0606,real-0606,youtube-tutorials
t2-0607,real-0607,youtube-tutorials
t2-0608,real-0608,youtube-tutorials
t2-0609,real-0609,youtube-tutorials
t2-0610,real-0610,youtube-tutorials
t2-0611,real-0611,youtube-tutorials
t2-0612,real-0612,youtube-tutorials
t2-0613,real-0613,youtube-tutorials
t2-0614,real-0614,youtube-tutorials
t2-0615,real-0615,youtube-tutorials
t2-0616,real-0616,youtube-tutorials
t2-0617,real-0617,youtube-tutorials
t2-0618,real-0618,youtube-tutorials
t2-0619,real-0619,youtube-tutorials
t2-0620,real-0620,youtube-tutorials
t2-0621,real-0621,youtube-tutorials
t2-0622,real-0622,youtube-tutorials
t2-0623,real-0623,youtube-tutorials
t2-0624,real-0624,youtube-tutorials
t2-0625,real-0625,youtube-tutorials
t2-0626,real-0626,youtube-tutorials
t2-0627,real-0627,youtube-tutorials
t2-0628,real-0628,youtube-tutorials
t2-0629,real-0629,youtube-tutorials
t2-0630,real-0630,youtube-tutorials
t2-0631,real-0631,youtube-tutorials
t2-0632,real-0632,youtube-tutorials
t2-0633,real-0633,youtube-tutorials
t2-0634,real-0634,youtube-tutorials
t2-0635,real-0635,youtube-tutorials
t2-0636,real-0636,youtube-tutorials
t2-0637,real-0637,youtube-tutorials
t2-0638,real-0638,youtube-tutorials
t2-0639,real-0639,youtube-tutorials
t2-0640,real-0640,youtube-tutorials
t2-0641,real-0641,youtube-tutorials
t2-0642,real-0642,youtube-tutorials
t2-0643,real-0643,youtube-tutorials
t2-0644,real-0644,youtube-tutorials
t2-0645,real-0645,youtube-tutorials
t2-0646,real-0646,youtube-tutorials
t2-0647,real-0647,youtube-tutorials
t2-0648,real-0648,youtube-tutorials
t2-0649,real-0649,youtube-tutorials
t2-0650,real-0650,youtube-tutorials
t2-0651,real-0651,youtube-tutorials
t2-0652,real-0652,youtube-tutorials
t2-0653,real-0653,youtube-tutorials
t2-0654,real-0654,youtube-tutorials
t2-0655,real-0655,youtube-tutorials
t2-0656,real-0656,youtube-tutorials
t2-0657,real-0657,youtube-tutorials
t2-0658,real-0658,youtube-tutorials
t2-0659,real-0659,youtube-tutorials
t2-0660,real-0660,youtube-tutorials
t2-0661,real-0661,youtube-tutorials
t2-0662,real-0662,youtube-tutorials
t2-0663,real-0663,youtube-tutorials
t2-0664,real-0664,youtube-tutorials
t2-0665,real-0665,youtube-tutorials
t2-0666,real-0666,youtube-tutorials
t2-0667,real-0667,youtube-tutorials
t2-0668,real-0668,youtube-tutorials
t2-0669,real-0669,youtube-tutorials
t2-0670,real-0670,youtube-tutorials
t2-0671,real-0671,youtube-tutorials
t2-0672,real-0672,youtube-tutorials
t2-0673,real-0673,youtube-tutorials
t2-0674,real-0674,youtube-tutorials
t2-0675,real-0675,youtube-tutorials
t2-0676,real-0676,youtube-tutorials
t2-0677,real-0677,youtube-tutorials
t2-0678,real-0678,youtube-tutorials
t2-0679,real-0679,youtube-tutorials
t2-0680,real-0680,youtube-tutorials
t2-0681,real-0682,youtube-tutorials
t2-0682,real-0683,youtube-tutorials
t2-0683,real-0684,youtube-tutorials
t2-0684,real-0685,youtube-tutorials
t2-0685,real-0686,youtube-tutorials
t2-0686,real-0688,youtube-tutorials
t2-0687,real-0689,youtube-tutorials
t2-0688,real-0690,youtube-tutorials
t2-0689,real-0691,youtube-tutorials
t2-0690,real-0692,youtube-tutorials
t2-0691,real-0693,youtube-tutorials
t2-0692,real-0694,youtube-tutorials
t2-0693,real-0695,youtube-tutorials
t2-0694,real-0696,youtube-tutorials
t2-0695,real-0697,youtube-tutorials
t2-0696,real-0698,youtube-tutorials
t2-0697,real-0699,youtube-tutorials
t2-0698,real-0700,youtube-tutorials
t2-0699,real-0701,youtube-tutorials
t2-0700,real-0702,youtube-tutorials
t2-0701,real-0703,youtube-tutorials
t2-0702,real-0704,youtube-tutorials
t2-0703,real-0705,youtube-tutorials
t2-0704,real-0706,youtube-tutorials
t2-0705,real-0707,youtube-tutorials
t2-0706,real-0708,youtube-tutorials
t2-0707,real-0709,youtube-tutorials
t2-0708,real-0711,youtube-tutorials
t2-0709,real-0712,youtube-tutorials
t2-0710,real-0713,youtube-tutorials
t2-0711,real-0714,youtube-tutorials
t2-0712,real-0715,youtube-tutorials
t2-0713,real-0716,youtube-tutorials
t2-0714,real-0717,youtube-tutorials
t2-0715,real-0718,youtube-tutorials
t2-0716,real-0719,youtube-tutorials
t2-0717,real-0720,youtube-tutorials
t2-0718,real-0721,youtube-tutorials
t2-0719,real-0722,youtube-tutorials
t2-0720,real-0723,youtube-tutorials
t2-0721,real-0724,youtube-tutorials
t2-0722,real-0725,youtube-tutorials
t2-0723,real-0726,youtube-tutorials
t2-0724,real-0727,youtube-tutorials
t2-0725,real-0728,youtube-tutorials
t2-0726,real-0729,youtube-tutorials
t2-0727,real-0730,youtube-tutorials
t2-0728,real-0731,youtube-tutorials
t2-0729,real-0732,youtube-tutorials
t2-0730,real-0733,youtube-tutorials
t2-0731,real-0734,youtube-tutorials
t2-0732,real-0735,youtube-tutorials
t2-0733,real-0736,youtube-tutorials
t2-0734,real-0737,youtube-tutorials
t2-0735,real-0738,youtube-tutorials
t2-0736,real-0739,youtube-tutorials
t2-0737,real-0740,youtube-tutorials
t2-0738,real-0741,youtube-tutorials
t2-0739,real-0742,youtube-tutorials
t2-0740,real-0743,youtube-tutorials
t2-0741,real-0744,youtube-tutorials
t2-0742,real-0745,youtube-tutorials
t2-0743,real-0746,youtube-tutorials
t2-0744,real-0747,youtube-tutorials
t2-0745,real-0748,youtube-tutorials
t2-0746,real-0749,youtube-tutorials
t2-0747,real-0750,youtube-tutorials
t2-0748,real-0751,youtube-tutorials
t2-0749,real-0752,youtube-tutorials
t2-0750,real-0753,youtube-tutorials
t2-0751,real-0754,youtube-tutorials
t2-0752,real-0755,youtube-tutorials
t2-0753,real-0756,youtube-tutorials
t2-0754,real-0757,youtube-tutorials
t2-0755,real-0758,youtube-tutorials
t2-0756,real-0759,youtube-tutorials
t2-0757,real-0760,youtube-tutorials
t2-0758,real-0761,youtube-tutorials
t2-0759,real-0762,youtube-tutorials
t2-0760,real-0763,youtube-tutorials
t2-0761,real-0764,youtube-tutorials
t2-0762,real-0765,youtube-tutorials
t2-0763,real-0766,youtube-tutorials
t2-0764,real-0767,youtube-tutorials
t2-0765,real-0768,youtube-tutorials
t2-0766,real-0769,youtube-tutorials
t2-0767,real-0770,youtube-tutorials
t2-0768,real-0771,youtube-tutorials
t2-0769,real-0772,youtube-tutorials
t2-0770,real-0773,youtube-tutorials
t2-0771,real-0774,youtube-tutorials
t2-0772,real-0775,youtube-tutorials
t2-0773,real-0776,youtube-tutorials
t2-0774,real-0777,youtube-tutorials
t2-0775,real-0779,youtube-tutorials
t2-0776,real-0780,youtube-tutorials
t2-0777,real-0781,youtube-tutorials
t2-0778,real-0782,youtube-tutorials
t2-0779,real-0783,youtube-tutorials
t2-0780,real-0784,youtube-tutorials
t2-0781,real-0785,youtube-tutorials
t2-0782,real-0786,youtube-tutorials
t2-0783,real-0787,youtube-tutorials
t2-0784,real-0788,youtube-tutorials
t2-0785,real-0789,youtube-tutorials
t2-0786,real-0790,youtube-tutorials
t2-0787,real-0792,youtube-tutorials
t2-0788,real-0793,youtube-tutorials
t2-0789,real-0794,youtube-tutorials
t2-0790,real-0795,youtube-tutorials
t2-0791,real-0796,youtube-tutorials
t2-0792,real-0797,youtube-tutorials
t2-0793,real-0798,youtube-tutorials
t2-0794,real-0799,youtube-tutorials
t2-0795,real-0800,youtube-tutorials
t2-0796,real-0801,youtube-tutorials
t2-0797,real-0802,youtube-tutorials
t2-0798,real-0803,youtube-tutorials
t2-0799,real-0804,youtube-tutorials
t2-0800,real-0805,youtube-tutorials
t2-0801,real-0806,youtube-tutorials
t2-0802,real-0807,youtube-tutorials
t2-0803,real-0808,youtube-tutorials
t2-0804,real-0809,youtube-tutorials
t2-0805,real-0810,youtube-tutorials
t2-0806,gold,youtube-real-insults
t2-0807,gold,youtube-real-insults
t2-0808,gold,youtube-real-insults
t2-0809,gold,youtube-real-insults
t2-0810,gold,youtube-real-insults
t2-0811,gold,youtube-real-insults
t2-0812,gold,youtube-real-insults
t2-0813,gold,youtube-real-insults
t2-0814,gold,youtube-real-insults
t2-0815,gold,youtube-real-insults
t2-0816,gold,youtube-real-insults
t2-0817,gold,youtube-real-insults
t2-0818,gold,youtube-real-insults
t2-0819,gold,youtube-real-insults
t2-0820,gold,youtube-real-insults
t2-0821,gold,youtube-real-insults
t2-0822,gold,youtube-real-insults
t2-0823,gold,youtube-real-insults
t2-0824,gold,youtube-real-insults
t2-0825,gold,youtube-real-insults
t2-0826,gold,youtube-real-insults
t2-0827,gold,youtube-real-insults
t2-0828,gold,youtube-real-insults
t2-0829,gold,youtube-real-insults
t2-0830,gold,youtube-real-insults
t2-0831,gold,youtube-real-insults
t2-0832,gold,youtube-real-insults
t2-0833,gold,youtube-real-insults
t2-0834,gold,youtube-real-insults
t2-0835,gold,youtube-real-insults
t2-0836,gold,youtube-real-insults
t2-0837,gold,youtube-real-insults
t2-0838,gold,youtube-real-insults
t2-0839,gold,youtube-real-insults
t2-0840,gold,youtube-real-insults
t2-0841,gold,youtube-real-insults
t2-0842,gold,youtube-real-insults
t2-0843,gold,youtube-real-insults
t2-0844,gold,youtube-real-insults
t2-0845,gold,youtube-real-insults
t2-0846,gold,youtube-real-insults
t2-0847,gold,youtube-real-insults
t2-0848,gold,youtube-real-insults
t2-0849,gold,youtube-real-insults
t2-0850,gold,youtube-real-insults
t2-0851,gold,youtube-real-insults
t2-0852,gold,youtube-real-insults
t2-0853,gold,youtube-real-insults
t2-0854,gold,youtube-real-insults
t2-0855,gold,youtube-real-insults
t2-0856,gold,youtube-real-insults
t2-0857,gold,youtube-real-insults
t2-0858,gold,youtube-real-insults
t2-0859,gold,youtube-real-insults
t2-0860,gold,youtube-real-insults
t2-0861,gold,youtube-real-insults
t2-0862,gold,youtube-real-insults
t2-0863,gold,youtube-real-insults
t2-0864,gold,youtube-real-insults
t2-0865,gold,youtube-real-insults
t2-0866,gold,youtube-real-insults
t2-0867,gold,youtube-real-insults
t2-0868,gold,youtube-real-insults
t2-0869,gold,youtube-real-insults
t2-0870,gold,youtube-real-insults
t2-0871,gold,youtube-real-insults
t2-0872,gold,youtube-real-insults
t2-0873,gold,youtube-real-insults
t2-0874,gold,youtube-real-insults
t2-0875,gold,youtube-real-insults
t2-0876,gold,youtube-real-insults
t2-0877,gold,youtube-real-insults
t2-0878,gold,youtube-real-insults
t2-0879,gold,youtube-real-insults
t2-0880,gold,youtube-real-insults
t2-0881,gold,youtube-real-insults
t2-0882,gold,youtube-real-insults
t2-0883,gold,youtube-real-insults
t2-0884,spm-0001,spammodel-sms-spam
t2-0885,spm-0002,spammodel-similar-spam
t2-0886,spm-0003,spammodel-similar-spam
t2-0887,spm-0004,spammodel-sms-spam
t2-0888,spm-0005,spammodel-extra-spam
t2-0889,spm-0006,spammodel-finglish-ham
t2-0890,spm-0007,spammodel-formal-scam
t2-0891,spm-0008,spammodel-sms-spam
t2-0892,spm-0009,spammodel-phishing
t2-0893,spm-0010,spammodel-extra-spam
t2-0894,spm-0011,spammodel-sms-spam
t2-0895,spm-0012,spammodel-similar-spam
t2-0896,spm-0013,spammodel-phishing
t2-0897,spm-0014,spammodel-extra-spam
t2-0898,spm-0015,spammodel-sms-spam
t2-0899,spm-0016,spammodel-sms-spam
t2-0900,spm-0017,spammodel-similar-spam
t2-0901,spm-0018,spammodel-sms-spam
t2-0902,spm-0019,spammodel-extra-spam
t2-0903,spm-0020,spammodel-sms-spam
t2-0904,spm-0021,spammodel-sms-spam
t2-0905,spm-0022,spammodel-formal-scam
t2-0906,spm-0023,spammodel-formal-scam
t2-0907,spm-0024,spammodel-sms-spam
t2-0908,spm-0025,spammodel-similar-spam
t2-0909,spm-0026,spammodel-sms-spam
t2-0910,spm-0027,spammodel-finglish-ham
t2-0911,spm-0028,spammodel-phishing
t2-0912,spm-0029,spammodel-phishing
t2-0913,spm-0030,spammodel-formal-scam
t2-0914,spm-0031,spammodel-similar-spam
t2-0915,spm-0032,spammodel-sms-spam
t2-0916,spm-0033,spammodel-phishing
t2-0917,spm-0034,spammodel-formal-scam
t2-0918,spm-0035,spammodel-finglish-ham
t2-0919,spm-0036,spammodel-finglish-ham
t2-0920,spm-0037,spammodel-similar-spam
t2-0921,spm-0038,spammodel-similar-spam
t2-0922,spm-0039,spammodel-sms-spam
t2-0923,spm-0040,spammodel-sms-spam
t2-0924,spm-0041,spammodel-phishing
t2-0925,spm-0042,spammodel-sms-spam
t2-0926,spm-0043,spammodel-phishing
t2-0927,spm-0044,spammodel-formal-scam
t2-0928,spm-0045,spammodel-similar-spam
t2-0929,spm-0046,spammodel-formal-scam
t2-0930,spm-0047,spammodel-sms-spam
t2-0931,spm-0048,spammodel-formal-scam
t2-0932,spm-0049,spammodel-extra-spam
t2-0933,spm-0050,spammodel-phishing
t2-0934,spm-0051,spammodel-formal-scam
t2-0935,spm-0052,spammodel-finglish-ham
t2-0936,spm-0053,spammodel-phishing
t2-0937,spm-0054,spammodel-extra-spam
t2-0938,spm-0055,spammodel-phishing
t2-0939,spm-0056,spammodel-sms-spam
t2-0940,spm-0057,spammodel-formal-scam
t2-0941,spm-0058,spammodel-sms-spam
t2-0942,spm-0059,spammodel-sms-spam
t2-0943,spm-0060,spammodel-sms-spam
t2-0944,spm-0061,spammodel-extra-spam
t2-0945,spm-0062,spammodel-phishing
t2-0946,spm-0063,spammodel-similar-spam
t2-0947,spm-0064,spammodel-extra-spam
t2-0948,spm-0065,spammodel-extra-spam
t2-0949,spm-0066,spammodel-sms-spam
t2-0950,spm-0067,spammodel-sms-spam
t2-0951,spm-0068,spammodel-sms-spam
t2-0952,spm-0069,spammodel-sms-spam
t2-0953,spm-0070,spammodel-similar-spam
t2-0954,spm-0071,spammodel-extra-spam
t2-0955,spm-0072,spammodel-formal-scam
t2-0956,spm-0073,spammodel-similar-spam
t2-0957,spm-0074,spammodel-phishing
t2-0958,spm-0075,spammodel-extra-spam
t2-0959,spm-0076,spammodel-sms-spam
t2-0960,spm-0077,spammodel-sms-spam
t2-0961,spm-0078,spammodel-formal-scam
t2-0962,spm-0079,spammodel-extra-spam
t2-0963,spm-0080,spammodel-sms-spam
t2-0964,spm-0081,spammodel-similar-spam
t2-0965,spm-0082,spammodel-formal-scam
t2-0966,spm-0083,spammodel-sms-spam
t2-0967,spm-0084,spammodel-similar-spam
t2-0968,spm-0085,spammodel-similar-spam
t2-0969,spm-0086,spammodel-formal-scam
t2-0970,spm-0087,spammodel-sms-spam
t2-0971,spm-0088,spammodel-sms-spam
t2-0972,spm-0089,spammodel-sms-spam
t2-0973,spm-0090,spammodel-sms-spam
t2-0974,spm-0091,spammodel-extra-spam
t2-0975,spm-0092,spammodel-finglish-ham
t2-0976,spm-0093,spammodel-extra-spam
t2-0977,spm-0094,spammodel-similar-spam
t2-0978,spm-0095,spammodel-phishing
t2-0979,spm-0096,spammodel-similar-spam
t2-0980,spm-0097,spammodel-sms-spam
t2-0981,spm-0098,spammodel-sms-spam
t2-0982,spm-0099,spammodel-sms-spam
t2-0983,spm-0100,spammodel-similar-spam
t2-0984,spm-0101,spammodel-formal-scam
t2-0985,spm-0102,spammodel-similar-spam
t2-0986,spm-0103,spammodel-sms-spam
t2-0987,spm-0104,spammodel-formal-scam
t2-0988,spm-0105,spammodel-similar-spam
t2-0989,spm-0106,spammodel-formal-scam
t2-0990,spm-0107,spammodel-extra-spam
t2-0991,spm-0108,spammodel-formal-scam
t2-0992,spm-0109,spammodel-sms-spam
t2-0993,spm-0110,spammodel-similar-spam
t2-0994,spm-0111,spammodel-similar-spam
t2-0995,spm-0112,spammodel-similar-spam
t2-0996,spm-0113,spammodel-extra-spam
t2-0997,spm-0114,spammodel-sms-spam
t2-0998,spm-0115,spammodel-similar-spam
t2-0999,spm-0116,spammodel-sms-spam
t2-1000,spm-0117,spammodel-sms-spam
t2-1001,spm-0118,spammodel-formal-scam
t2-1002,spm-0119,spammodel-similar-spam
t2-1003,spm-0120,spammodel-finglish-ham
t2-1004,spm-0121,spammodel-formal-scam
t2-1005,spm-0122,spammodel-similar-spam
t2-1006,spm-0123,spammodel-formal-scam
t2-1007,spm-0124,spammodel-sms-spam
t2-1008,spm-0125,spammodel-finglish-ham
t2-1009,spm-0126,spammodel-formal-scam
t2-1010,spm-0127,spammodel-similar-spam
t2-1011,spm-0128,spammodel-formal-scam
t2-1012,spm-0129,spammodel-sms-spam
t2-1013,spm-0130,spammodel-extra-spam
t2-1014,spm-0131,spammodel-sms-spam
t2-1015,spm-0132,spammodel-phishing
t2-1016,spm-0133,spammodel-similar-spam
t2-1017,spm-0134,spammodel-sms-spam
t2-1018,spm-0135,spammodel-formal-scam
t2-1019,spm-0136,spammodel-extra-spam
t2-1020,spm-0137,spammodel-sms-spam
t2-1021,spm-0138,spammodel-similar-spam
t2-1022,spm-0139,spammodel-sms-spam
t2-1023,spm-0140,spammodel-sms-spam
t2-1024,spm-0141,spammodel-sms-spam
t2-1025,spm-0142,spammodel-phishing
t2-1026,spm-0143,spammodel-sms-spam
t2-1027,spm-0144,spammodel-extra-spam
t2-1028,spm-0145,spammodel-extra-spam
t2-1029,spm-0146,spammodel-sms-spam
t2-1030,spm-0147,spammodel-extra-spam
t2-1031,spm-0148,spammodel-extra-spam
t2-1032,spm-0149,spammodel-similar-spam
t2-1033,spm-0150,spammodel-sms-spam
t2-1034,spm-0151,spammodel-sms-spam
t2-1035,spm-0152,spammodel-sms-spam
t2-1036,spm-0153,spammodel-sms-spam
t2-1037,spm-0154,spammodel-sms-spam
t2-1038,spm-0155,spammodel-similar-spam
t2-1039,spm-0156,spammodel-phishing
t2-1040,spm-0157,spammodel-similar-spam
t2-1041,spm-0158,spammodel-finglish-ham
t2-1042,spm-0159,spammodel-similar-spam
t2-1043,spm-0160,spammodel-sms-spam
t2-1044,spm-0161,spammodel-sms-spam
t2-1045,spm-0162,spammodel-finglish-ham
t2-1046,spm-0163,spammodel-phishing
t2-1047,spm-0164,spammodel-sms-spam
t2-1048,spm-0165,spammodel-sms-spam
t2-1049,spm-0166,spammodel-finglish-contact
t2-1050,spm-0167,spammodel-extra-spam
t2-1051,spm-0168,spammodel-finglish-contact
t2-1052,spm-0169,spammodel-finglish-contact
t2-1053,spm-0170,spammodel-formal-scam
t2-1054,spm-0171,spammodel-finglish-ham
t2-1055,spm-0172,spammodel-similar-spam
t2-1056,spm-0173,spammodel-extra-spam
t2-1057,spm-0174,spammodel-similar-spam
t2-1058,spm-0175,spammodel-similar-spam
t2-1059,spm-0176,spammodel-phishing
t2-1060,spm-0177,spammodel-sms-spam
t2-1061,spm-0178,spammodel-phishing
t2-1062,spm-0179,spammodel-sms-spam
t2-1063,spm-0180,spammodel-finglish-ham
t2-1064,spm-0181,spammodel-formal-scam
t2-1065,spm-0182,spammodel-sms-spam
t2-1066,spm-0183,spammodel-sms-spam
t2-1067,spm-0184,spammodel-finglish-contact
t2-1068,spm-0185,spammodel-formal-scam
t2-1069,spm-0186,spammodel-formal-scam
t2-1070,spm-0187,spammodel-sms-spam
t2-1071,spm-0188,spammodel-sms-spam
t2-1072,spm-0189,spammodel-extra-spam
t2-1073,spm-0190,spammodel-finglish-contact
t2-1074,spm-0191,spammodel-phishing
t2-1075,spm-0192,spammodel-sms-spam
t2-1076,spm-0193,spammodel-extra-spam
t2-1077,spm-0194,spammodel-phishing
t2-1078,spm-0195,spammodel-similar-spam
t2-1079,spm-0196,spammodel-formal-scam
t2-1080,spm-0197,spammodel-similar-spam
t2-1081,spm-0198,spammodel-finglish-ham
t2-1082,spm-0199,spammodel-sms-spam
t2-1083,spm-0200,spammodel-formal-scam
t2-1084,spm-0201,spammodel-similar-spam
t2-1085,spm-0202,spammodel-finglish-ham
t2-1086,spm-0203,spammodel-phishing
t2-1087,spm-0204,spammodel-extra-spam
t2-1088,spm-0205,spammodel-sms-spam
t2-1089,spm-0206,spammodel-sms-spam
t2-1090,spm-0207,spammodel-finglish-ham
t2-1091,spm-0208,spammodel-formal-scam
t2-1092,spm-0209,spammodel-phishing
t2-1093,spm-0210,spammodel-phishing
t2-1094,spm-0211,spammodel-phishing
t2-1095,spm-0212,spammodel-similar-spam
t2-1096,spm-0213,spammodel-extra-spam
t2-1097,spm-0214,spammodel-similar-spam
t2-1098,spm-0215,spammodel-sms-spam
t2-1099,spm-0216,spammodel-extra-spam
t2-1100,spm-0217,spammodel-finglish-ham
t2-1101,spm-0218,spammodel-extra-spam
t2-1102,spm-0219,spammodel-sms-spam
t2-1103,spm-0220,spammodel-similar-spam
t2-1104,spm-0221,spammodel-finglish-contact
t2-1105,spm-0222,spammodel-similar-spam
t2-1106,spm-0223,spammodel-sms-spam
t2-1107,spm-0224,spammodel-sms-spam
t2-1108,spm-0225,spammodel-formal-scam
t2-1109,spm-0226,spammodel-sms-spam
t2-1110,spm-0227,spammodel-sms-spam
t2-1111,spm-0228,spammodel-sms-spam
t2-1112,spm-0229,spammodel-sms-spam
t2-1113,spm-0230,spammodel-phishing
t2-1114,spm-0231,spammodel-extra-spam
t2-1115,spm-0232,spammodel-sms-spam
t2-1116,spm-0233,spammodel-sms-spam
t2-1117,spm-0234,spammodel-sms-spam
t2-1118,spm-0235,spammodel-formal-scam
t2-1119,spm-0236,spammodel-phishing
t2-1120,spm-0237,spammodel-sms-spam
t2-1121,spm-0238,spammodel-sms-spam
t2-1122,spm-0239,spammodel-sms-spam
t2-1123,spm-0240,spammodel-similar-spam
t2-1124,spm-0241,spammodel-phishing
t2-1125,spm-0242,spammodel-similar-spam
t2-1126,spm-0243,spammodel-extra-spam
t2-1127,spm-0244,spammodel-finglish-ham
t2-1128,spm-0245,spammodel-sms-spam
t2-1129,spm-0246,spammodel-phishing
t2-1130,spm-0247,spammodel-sms-spam
t2-1131,spm-0248,spammodel-formal-scam
t2-1132,spm-0249,spammodel-sms-spam
t2-1133,spm-0250,spammodel-phishing
t2-1134,spm-0251,spammodel-sms-spam
t2-1135,spm-0252,spammodel-extra-spam
t2-1136,spm-0253,spammodel-sms-spam
t2-1137,spm-0254,spammodel-similar-spam
t2-1138,spm-0255,spammodel-extra-spam
t2-1139,spm-0256,spammodel-sms-spam
t2-1140,spm-0257,spammodel-formal-scam
t2-1141,spm-0258,spammodel-sms-spam
t2-1142,spm-0259,spammodel-extra-spam
t2-1143,spm-0260,spammodel-extra-spam
t2-1144,spm-0261,spammodel-similar-spam
t2-1145,spm-0262,spammodel-sms-spam
t2-1146,spm-0263,spammodel-phishing
t2-1147,spm-0264,spammodel-extra-spam
t2-1148,spm-0265,spammodel-similar-spam
t2-1149,spm-0266,spammodel-sms-spam
t2-1150,spm-0267,spammodel-similar-spam
t2-1151,spm-0268,spammodel-phishing
t2-1152,spm-0269,spammodel-similar-spam
t2-1153,spm-0270,spammodel-formal-scam
t2-1154,spm-0271,spammodel-finglish-contact
t2-1155,spm-0272,spammodel-extra-spam
t2-1156,spm-0273,spammodel-sms-spam
t2-1157,spm-0274,spammodel-sms-spam
t2-1158,spm-0275,spammodel-similar-spam
t2-1159,spm-0276,spammodel-phishing
t2-1160,spm-0277,spammodel-formal-scam
t2-1161,spm-0278,spammodel-sms-spam
t2-1162,spm-0279,spammodel-extra-spam
t2-1163,spm-0280,spammodel-formal-scam
t2-1164,spm-0281,spammodel-phishing
t2-1165,spm-0282,spammodel-extra-spam
t2-1166,spm-0283,spammodel-finglish-ham
t2-1167,spm-0284,spammodel-sms-spam
t2-1168,spm-0285,spammodel-finglish-contact
t2-1169,spm-0286,spammodel-sms-spam
t2-1170,spm-0287,spammodel-formal-scam
t2-1171,spm-0288,spammodel-sms-spam
t2-1172,spm-0289,spammodel-sms-spam
t2-1173,spm-0290,spammodel-finglish-ham
t2-1174,spm-0291,spammodel-similar-spam
t2-1175,spm-0292,spammodel-finglish-ham
t2-1176,spm-0293,spammodel-formal-scam
t2-1177,spm-0294,spammodel-phishing
t2-1178,spm-0295,spammodel-phishing
t2-1179,spm-0296,spammodel-similar-spam
t2-1180,spm-0297,spammodel-sms-spam
t2-1181,spm-0298,spammodel-sms-spam
t2-1182,spm-0299,spammodel-similar-spam
t2-1183,spm-0300,spammodel-formal-scam
t2-1184,spm-0301,spammodel-formal-scam
t2-1185,spm-0302,spammodel-sms-spam
t2-1186,spm-0303,spammodel-sms-spam
t2-1187,spm-0304,spammodel-sms-spam
t2-1188,spm-0305,spammodel-phishing
t2-1189,spm-0306,spammodel-sms-spam
t2-1190,spm-0307,spammodel-formal-scam
t2-1191,spm-0308,spammodel-similar-spam
t2-1192,spm-0309,spammodel-extra-spam
t2-1193,spm-0310,spammodel-phishing
t2-1194,spm-0311,spammodel-sms-spam
t2-1195,spm-0312,spammodel-sms-spam
t2-1196,spm-0313,spammodel-finglish-contact
t2-1197,spm-0314,spammodel-sms-spam
t2-1198,spm-0315,spammodel-phishing
t2-1199,spm-0316,spammodel-finglish-ham
t2-1200,spm-0317,spammodel-extra-spam
t2-1201,spm-0318,spammodel-extra-spam
t2-1202,spm-0319,spammodel-formal-scam
t2-1203,spm-0320,spammodel-sms-spam
t2-1204,spm-0321,spammodel-sms-spam
t2-1205,spm-0322,spammodel-sms-spam
t2-1206,spm-0323,spammodel-similar-spam
t2-1207,spm-0324,spammodel-sms-spam
t2-1208,spm-0325,spammodel-sms-spam
t2-1209,spm-0326,spammodel-phishing
t2-1210,spm-0327,spammodel-extra-spam
t2-1211,spm-0328,spammodel-extra-spam
t2-1212,spm-0329,spammodel-finglish-ham
t2-1213,spm-0330,spammodel-sms-spam
t2-1214,spm-0331,spammodel-extra-spam
t2-1215,spm-0332,spammodel-similar-spam
t2-1216,spm-0333,spammodel-similar-spam
t2-1217,spm-0334,spammodel-sms-spam
t2-1218,spm-0335,spammodel-phishing
t2-1219,spm-0336,spammodel-formal-scam
t2-1220,spm-0337,spammodel-sms-spam
t2-1221,spm-0338,spammodel-sms-spam
t2-1222,spm-0339,spammodel-sms-spam
t2-1223,spm-0340,spammodel-phishing
t2-1224,spm-0341,spammodel-sms-spam
t2-1225,spm-0342,spammodel-sms-spam
t2-1226,spm-0343,spammodel-sms-spam
t2-1227,spm-0344,spammodel-extra-spam
t2-1228,spm-0345,spammodel-phishing
t2-1229,spm-0346,spammodel-finglish-ham
t2-1230,spm-0347,spammodel-similar-spam
t2-1231,spm-0348,spammodel-phishing
t2-1232,spm-0349,spammodel-similar-spam
t2-1233,spm-0350,spammodel-phishing
t2-1234,spm-0351,spammodel-finglish-ham
t2-1235,spm-0352,spammodel-sms-spam
t2-1236,spm-0353,spammodel-extra-spam
t2-1237,spm-0354,spammodel-phishing
t2-1238,spm-0355,spammodel-phishing
t2-1239,spm-0356,spammodel-sms-spam
t2-1240,spm-0357,spammodel-sms-spam
t2-1241,spm-0358,spammodel-phishing
t2-1242,spm-0359,spammodel-formal-scam
t2-1243,spm-0360,spammodel-phishing
t2-1244,spm-0361,spammodel-formal-scam
t2-1245,spm-0362,spammodel-finglish-ham
t2-1246,spm-0363,spammodel-formal-scam
t2-1247,spm-0364,spammodel-formal-scam
t2-1248,spm-0365,spammodel-sms-spam
t2-1249,spm-0366,spammodel-extra-spam
t2-1250,spm-0367,spammodel-extra-spam
t2-1251,spm-0368,spammodel-phishing
t2-1252,spm-0369,spammodel-sms-spam
t2-1253,spm-0370,spammodel-sms-spam
t2-1254,spm-0371,spammodel-sms-spam
t2-1255,spm-0372,spammodel-finglish-ham
t2-1256,spm-0373,spammodel-sms-spam
t2-1257,spm-0374,spammodel-sms-spam
t2-1258,spm-0375,spammodel-formal-scam
t2-1259,gen-0001,gen-criticism
t2-1260,gen-0002,gen-criticism
t2-1261,gen-0003,gen-criticism
t2-1262,gen-0004,gen-criticism
t2-1263,gen-0005,gen-criticism
t2-1264,gen-0006,gen-criticism
t2-1265,gen-0007,gen-criticism
t2-1266,gen-0008,gen-criticism
t2-1267,gen-0009,gen-criticism
t2-1268,gen-0010,gen-criticism
t2-1269,gen-0011,gen-criticism
t2-1270,gen-0012,gen-criticism
t2-1271,gen-0013,gen-criticism
t2-1272,gen-0014,gen-criticism
t2-1273,gen-0015,gen-criticism
t2-1274,gen-0016,gen-criticism
t2-1275,gen-0017,gen-criticism
t2-1276,gen-0018,gen-criticism
t2-1277,gen-0019,gen-criticism
t2-1278,gen-0020,gen-criticism
t2-1279,gen-0021,gen-criticism
t2-1280,gen-0022,gen-criticism
t2-1281,gen-0023,gen-criticism
t2-1282,gen-0024,gen-criticism
t2-1283,gen-0025,gen-criticism
t2-1284,gen-0026,gen-criticism
t2-1285,gen-0027,gen-criticism
t2-1286,gen-0028,gen-criticism
t2-1287,gen-0029,gen-criticism
t2-1288,gen-0030,gen-criticism
t2-1289,gen-0031,gen-criticism
t2-1290,gen-0032,gen-criticism
t2-1291,gen-0033,gen-criticism
t2-1292,gen-0034,gen-criticism
t2-1293,gen-0035,gen-criticism
t2-1294,gen-0036,gen-criticism
t2-1295,gen-0037,gen-criticism
t2-1296,gen-0038,gen-criticism
t2-1297,gen-0039,gen-criticism
t2-1298,gen-0040,gen-criticism
t2-1299,gen-0041,gen-criticism
t2-1300,gen-0042,gen-criticism
t2-1301,gen-0043,gen-criticism
t2-1302,gen-0044,gen-criticism
t2-1303,gen-0045,gen-criticism
t2-1304,gen-0046,gen-criticism
t2-1305,gen-0047,gen-criticism
t2-1306,gen-0048,gen-criticism
t2-1307,gen-0049,gen-criticism
t2-1308,gen-0050,gen-criticism
t2-1309,gen-0051,gen-criticism
t2-1310,gen-0052,gen-criticism
t2-1311,gen-0053,gen-criticism
t2-1312,gen-0054,gen-criticism
t2-1313,gen-0055,gen-criticism
t2-1314,gen-0056,gen-criticism
t2-1315,gen-0057,gen-criticism
t2-1316,gen-0058,gen-criticism
t2-1317,gen-0059,gen-docs
t2-1318,gen-0060,gen-docs
t2-1319,gen-0061,gen-docs
t2-1320,gen-0062,gen-docs
t2-1321,gen-0063,gen-docs
t2-1322,gen-0064,gen-docs
t2-1323,gen-0065,gen-docs
t2-1324,gen-0066,gen-docs
t2-1325,gen-0067,gen-docs
t2-1326,gen-0068,gen-docs
t2-1327,gen-0069,gen-docs
t2-1328,gen-0070,gen-docs
t2-1329,gen-0071,gen-docs
t2-1330,gen-0072,gen-docs
t2-1331,gen-0073,gen-docs
t2-1332,gen-0074,gen-docs
t2-1333,gen-0075,gen-docs
t2-1334,gen-0076,gen-docs
t2-1335,gen-0077,gen-docs
t2-1336,gen-0078,gen-docs
t2-1337,gen-0079,gen-docs
t2-1338,gen-0080,gen-docs
t2-1339,gen-0081,gen-docs
t2-1340,gen-0082,gen-docs
t2-1341,gen-0083,gen-docs
t2-1342,gen-0084,gen-docs
t2-1343,gen-0085,gen-docs
t2-1344,gen-0086,gen-docs
t2-1345,gen-0087,gen-docs
t2-1346,gen-0088,gen-docs
t2-1347,gen-0089,gen-docs
t2-1348,gen-0090,gen-docs
t2-1349,gen-0091,gen-docs
t2-1350,gen-0092,gen-docs
t2-1351,gen-0093,gen-docs
t2-1352,gen-0094,gen-mixed
t2-1353,gen-0095,gen-mixed
t2-1354,gen-0096,gen-mixed
t2-1355,gen-0097,gen-mixed
t2-1356,gen-0098,gen-mixed
t2-1357,gen-0099,gen-mixed
t2-1358,gen-0100,gen-mixed
t2-1359,gen-0101,gen-mixed
t2-1360,gen-0102,gen-mixed
t2-1361,gen-0103,gen-mixed
t2-1362,gen-0104,gen-mixed
t2-1363,gen-0105,gen-mixed
t2-1364,gen-0106,gen-mixed
t2-1365,gen-0107,gen-mixed
t2-1366,gen-0108,gen-mixed
t2-1367,gen-0109,gen-mixed
t2-1368,gen-0110,gen-mixed
t2-1369,gen-0111,gen-mixed
t2-1370,gen-0112,gen-mixed
t2-1371,gen-0113,gen-mixed
t2-1372,gen-0114,gen-mixed
t2-1373,gen-0115,gen-mixed
t2-1374,gen-0116,gen-mixed
t2-1375,gen-0117,gen-mixed
t2-1376,gen-0118,gen-mixed
t2-1377,gen-0119,gen-mixed
t2-1378,gen-0120,gen-mixed
t2-1379,gen-0121,gen-mixed
t2-1380,gen-0122,gen-mixed
t2-1381,gen-0123,gen-mixed
t2-1382,gen-0124,gen-mixed
t2-1383,gen-0125,gen-mixed
t2-1384,gen-0126,gen-mixed
t2-1385,gen-0127,gen-mixed
t2-1386,gen-0128,gen-mixed
t2-1387,gen-0129,gen-mixed
t2-1388,gen-0130,gen-mixed
t2-1389,gen-0131,gen-mixed
t2-1390,gen-0132,gen-mixed
t2-1391,gen-0133,gen-mixed
t2-1392,gen-0134,gen-mixed
t2-1393,gen-0135,gen-mixed
t2-1394,gen-0136,gen-mixed
t2-1395,gen-0137,gen-mixed
t2-1396,gen-0138,gen-mixed
t2-1397,gen-0139,gen-mixed
t2-1398,gen-0140,gen-mixed
t2-1399,gen-0141,gen-mixed
t2-1400,gen-0142,gen-mixed
t2-1401,gen-0143,gen-mixed
t2-1402,gen-0144,gen-mixed
t2-1403,gen-0145,gen-mixed
t2-1404,gen-0146,gen-mixed
t2-1405,gen-0147,gen-mixed
t2-1406,gen-0148,gen-numbers
t2-1407,gen-0149,gen-numbers
t2-1408,gen-0150,gen-numbers
t2-1409,gen-0151,gen-numbers
t2-1410,gen-0152,gen-numbers
t2-1411,gen-0153,gen-numbers
t2-1412,gen-0154,gen-numbers
t2-1413,gen-0155,gen-numbers
t2-1414,gen-0156,gen-numbers
t2-1415,gen-0157,gen-numbers
t2-1416,gen-0158,gen-numbers
t2-1417,gen-0159,gen-numbers
t2-1418,gen-0160,gen-numbers
t2-1419,gen-0161,gen-numbers
t2-1420,gen-0162,gen-numbers
t2-1421,gen-0163,gen-numbers
t2-1422,gen-0164,gen-numbers
t2-1423,gen-0165,gen-numbers
t2-1424,gen-0166,gen-numbers
t2-1425,gen-0167,gen-numbers
t2-1426,gen-0168,gen-numbers
t2-1427,gen-0169,gen-numbers
t2-1428,gen-0170,gen-numbers
t2-1429,gen-0171,gen-numbers
t2-1430,gen-0172,gen-numbers
t2-1431,gen-0173,gen-numbers
t2-1432,gen-0174,gen-numbers
t2-1433,gen-0175,gen-numbers
t2-1434,gen-0176,gen-numbers
t2-1435,gen-0177,gen-numbers
t2-1436,gen-0178,gen-numbers
t2-1437,gen-0179,gen-numbers
t2-1438,gen-0180,gen-numbers
t2-1439,gen-0181,gen-numbers
t2-1440,gen-0182,gen-numbers
t2-1441,gen-0183,gen-numbers
t2-1442,gen-0184,gen-question
t2-1443,gen-0185,gen-question
t2-1444,gen-0186,gen-question
t2-1445,gen-0187,gen-question
t2-1446,gen-0188,gen-question
t2-1447,gen-0189,gen-question
t2-1448,gen-0190,gen-question
t2-1449,gen-0191,gen-question
t2-1450,gen-0192,gen-question
t2-1451,gen-0193,gen-question
t2-1452,gen-0194,gen-question
t2-1453,gen-0195,gen-question
t2-1454,gen-0196,gen-question
t2-1455,gen-0197,gen-question
t2-1456,gen-0198,gen-question
t2-1457,gen-0199,gen-question
t2-1458,gen-0200,gen-question
t2-1459,gen-0201,gen-question
t2-1460,gen-0202,gen-question
t2-1461,gen-0203,gen-question
t2-1462,gen-0204,gen-question
t2-1463,gen-0205,gen-question
t2-1464,gen-0206,gen-question
t2-1465,gen-0207,gen-question
t2-1466,gen-0208,gen-question
t2-1467,gen-0209,gen-question
t2-1468,gen-0210,gen-question
t2-1469,gen-0211,gen-question
t2-1470,gen-0212,gen-question
t2-1471,gen-0213,gen-question
t2-1472,gen-0214,gen-question
t2-1473,gen-0215,gen-question
t2-1474,gen-0216,gen-question
t2-1475,gen-0217,gen-question
t2-1476,gen-0218,gen-question
t2-1477,gen-0219,gen-question
t2-1478,gen-0220,gen-question
t2-1479,gen-0221,gen-question
t2-1480,gen-0222,gen-question
t2-1481,gen-0223,gen-question
t2-1482,gen-0224,gen-question
t2-1483,gen-0225,gen-question
t2-1484,gen-0226,gen-question
t2-1485,gen-0227,gen-question
t2-1486,gen-0228,gen-question
t2-1487,gen-0229,gen-question
t2-1488,gen-0230,gen-question
t2-1489,gen-0231,gen-question
t2-1490,gen-0232,gen-question
t2-1491,gen-0233,gen-question
t2-1492,gen-0234,gen-question
t2-1493,gen-0235,gen-question
t2-1494,gen-0236,gen-question
t2-1495,gen-0237,gen-question
t2-1496,gen-0238,gen-question
t2-1497,gen-0239,gen-question
t2-1498,gen-0240,gen-question
t2-1499,gen-0241,gen-question
t2-1500,gen-0242,gen-question
t2-1501,gen-0243,gen-question
t2-1502,gen-0244,gen-question
t2-1503,gen-0245,gen-question
t2-1504,gen-0246,gen-question
t2-1505,gen-0247,gen-question
t2-1506,gen-0248,gen-question
t2-1507,gen-0249,gen-question
t2-1508,gen-0250,gen-question
t2-1509,gen-0251,gen-question
t2-1510,gen-0252,gen-question
t2-1511,gen-0253,gen-question
t2-1512,gen-0254,gen-question
t2-1513,gen-0255,gen-question
t2-1514,gen-0256,gen-question
t2-1515,gen-0257,gen-question
t2-1516,gen-0258,gen-spaced-ok
t2-1517,gen-0259,gen-spaced-ok
t2-1518,gen-0260,gen-spaced-ok
t2-1519,gen-0261,gen-spaced-ok
t2-1520,gen-0262,gen-spaced-ok
t2-1521,gen-0263,gen-spaced-ok
t2-1522,gen-0264,gen-spaced-ok
t2-1523,gen-0265,gen-spaced-ok
t2-1524,gen-0266,gen-thanks
t2-1525,gen-0268,gen-thanks
t2-1526,gen-0269,gen-thanks
t2-1527,gen-0270,gen-thanks
t2-1528,gen-0272,gen-thanks
t2-1529,gen-0273,gen-thanks
t2-1530,gen-0274,gen-thanks
t2-1531,gen-0275,gen-thanks
t2-1532,gen-0276,gen-thanks
t2-1533,gen-0277,gen-thanks
t2-1534,gen-0278,gen-thanks
t2-1535,gen-0279,gen-thanks
t2-1536,gen-0280,gen-thanks
t2-1537,gen-0281,gen-thanks
t2-1538,gen-0282,gen-thanks
t2-1539,gen-0284,gen-thanks
t2-1540,gen-0285,gen-thanks
t2-1541,gen-0286,gen-thanks
t2-1542,gen-0287,gen-thanks
t2-1543,gen-0288,gen-thanks
t2-1544,gen-0289,gen-thanks
t2-1545,gen-0290,gen-thanks
t2-1546,gen-0291,gen-thanks
t2-1547,gen-0292,gen-thanks
t2-1548,gen-0293,gen-thanks
t2-1549,gen-0294,gen-thanks
t2-1550,gen-0295,gen-thanks
t2-1551,gen-0296,gen-thanks
t2-1552,gen-0298,gen-thanks
t2-1553,gen-0299,gen-thanks
t2-1554,gen-0300,gen-thanks
t2-1555,gen-0301,gen-thanks
t2-1556,gen-0302,gen-thanks
t2-1557,gen-0303,gen-thanks
t2-1558,gen-0304,gen-thanks
t2-1559,gen-0305,gen-thanks
t2-1560,gen-0306,gen-thanks
t2-1561,gen-0307,gen-thanks
t2-1562,gen-0308,gen-thanks
t2-1563,gen-0309,gen-thanks
t2-1564,gen-0310,gen-thanks
t2-1565,gen-0311,gen-thanks
t2-1566,gen-0312,gen-thanks
t2-1567,gen-0313,gen-thanks
t2-1568,gen-0314,gen-thanks
t2-1569,gen-0315,gen-ad-comment
t2-1570,gen-0316,gen-ad-comment
t2-1571,gen-0317,gen-ad-comment
t2-1572,gen-0318,gen-ad-comment
t2-1573,gen-0319,gen-ad-comment
t2-1574,gen-0320,gen-ad-comment
t2-1575,gen-0321,gen-ad-comment
t2-1576,gen-0322,gen-ad-comment
t2-1577,gen-0323,gen-ad-comment
t2-1578,gen-0324,gen-ad-comment
t2-1579,gen-0325,gen-ad-comment
t2-1580,gen-0326,gen-ad-comment
t2-1581,gen-0327,gen-ad-comment
t2-1582,gen-0328,gen-ad-comment
t2-1583,gen-0329,gen-ad-comment
t2-1584,gen-0330,gen-ad-comment
t2-1585,gen-0331,gen-ad-comment
t2-1586,gen-0332,gen-ad-comment
t2-1587,gen-0333,gen-ad-comment
t2-1588,gen-0334,gen-ad-comment
t2-1589,gen-0335,gen-ad-comment
t2-1590,gen-0336,gen-ad-comment
t2-1591,gen-0337,gen-ad-comment
t2-1592,gen-0338,gen-ad-comment
t2-1593,gen-0339,gen-ad-comment
t2-1594,gen-0340,gen-ad-comment
t2-1595,gen-0341,gen-ad-comment
t2-1596,gen-0342,gen-ad-comment
t2-1597,gen-0343,gen-ad-comment
t2-1598,gen-0344,gen-ad-comment
t2-1599,gen-0345,gen-ad-comment
t2-1600,gen-0346,gen-ad-comment
t2-1601,gen-0347,gen-ad-comment
t2-1602,gen-0348,gen-ad-comment
t2-1603,gen-0349,gen-ad-comment
t2-1604,gen-0350,gen-ad-comment
t2-1605,gen-0351,gen-ad-comment
t2-1606,gen-0352,gen-ad-comment
t2-1607,gen-0353,gen-ad-comment
t2-1608,gen-0354,gen-ad-comment
t2-1609,gen-0355,gen-ad-comment
t2-1610,gen-0356,gen-ad-comment
t2-1611,gen-0357,gen-ad-link
t2-1612,gen-0358,gen-ad-link
t2-1613,gen-0359,gen-ad-link
t2-1614,gen-0360,gen-ad-link
t2-1615,gen-0361,gen-ad-link
t2-1616,gen-0362,gen-ad-link
t2-1617,gen-0363,gen-ad-link
t2-1618,gen-0364,gen-ad-link
t2-1619,gen-0365,gen-ad-link
t2-1620,gen-0366,gen-ad-link
t2-1621,gen-0367,gen-ad-link
t2-1622,gen-0368,gen-ad-link
t2-1623,gen-0369,gen-contentless
t2-1624,gen-0370,gen-contentless
t2-1625,gen-0371,gen-contentless
t2-1626,gen-0372,gen-contentless
t2-1627,gen-0373,gen-contentless
t2-1628,gen-0374,gen-contentless
t2-1629,gen-0375,gen-contentless
t2-1630,gen-0376,gen-contentless
t2-1631,gen-0377,gen-contentless
t2-1632,gen-0378,gen-contentless
t2-1633,gen-0379,gen-contentless
t2-1634,gen-0380,gen-contentless
t2-1635,gen-0381,gen-contentless
t2-1636,gen-0382,gen-contentless
t2-1637,gen-0383,gen-contentless
t2-1638,gen-0384,gen-contentless
t2-1639,gen-0385,gen-contentless
t2-1640,gen-0386,gen-contentless
t2-1641,gen-0387,gen-contentless
t2-1642,gen-0388,gen-contentless
t2-1643,gen-0389,gen-contentless
t2-1644,gen-0390,gen-contentless
t2-1645,gen-0391,gen-contentless
t2-1646,gen-0392,gen-contentless
t2-1647,gen-0393,gen-contentless
t2-1648,gen-0394,gen-email-contact
t2-1649,gen-0395,gen-email-contact
t2-1650,gen-0396,gen-email-contact
t2-1651,gen-0397,gen-email-contact
t2-1652,gen-0398,gen-email-contact
t2-1653,gen-0399,gen-email-contact
t2-1654,gen-0400,gen-email-contact
t2-1655,gen-0401,gen-email-contact
t2-1656,gen-0402,gen-emoji
t2-1657,gen-0415,gen-emoji
t2-1658,gen-0417,gen-emoji
t2-1659,gen-0418,gen-emoji
t2-1660,gen-0421,gen-emoji
t2-1661,gen-0422,gen-emoji
t2-1662,gen-0423,gen-emoji
t2-1663,gen-0431,gen-emoji
t2-1664,gen-0432,gen-emoji
t2-1665,gen-0436,gen-en-spam
t2-1666,gen-0437,gen-en-spam
t2-1667,gen-0438,gen-en-spam
t2-1668,gen-0439,gen-en-spam
t2-1669,gen-0440,gen-en-spam
t2-1670,gen-0441,gen-en-spam
t2-1671,gen-0442,gen-evasion
t2-1672,gen-0443,gen-evasion
t2-1673,gen-0444,gen-evasion
t2-1674,gen-0445,gen-evasion
t2-1675,gen-0446,gen-evasion
t2-1676,gen-0447,gen-evasion
t2-1677,gen-0448,gen-evasion
t2-1678,gen-0449,gen-evasion
t2-1679,gen-0450,gen-evasion
t2-1680,gen-0451,gen-evasion
t2-1681,gen-0452,gen-evasion
t2-1682,gen-0453,gen-evasion
t2-1683,gen-0454,gen-evasion
t2-1684,gen-0455,gen-evasion
t2-1685,gen-0456,gen-evasion
t2-1686,gen-0457,gen-fa-insult
t2-1687,gen-0458,gen-fa-insult
t2-1688,gen-0459,gen-fa-insult
t2-1689,gen-0460,gen-fa-insult
t2-1690,gen-0461,gen-fa-insult
t2-1691,gen-0462,gen-fa-insult
t2-1692,gen-0463,gen-fa-insult
t2-1693,gen-0464,gen-fa-insult
t2-1694,gen-0465,gen-fa-insult
t2-1695,gen-0466,gen-fa-insult
t2-1696,gen-0467,gen-fa-insult
t2-1697,gen-0468,gen-fa-insult
t2-1698,gen-0469,gen-fa-insult
t2-1699,gen-0470,gen-fa-insult
t2-1700,gen-0471,gen-finglish-contact
t2-1701,gen-0472,gen-finglish-contact
t2-1702,gen-0473,gen-finglish-contact
t2-1703,gen-0474,gen-finglish-contact
t2-1704,gen-0475,gen-finglish-insult
t2-1705,gen-0476,gen-finglish-insult
t2-1706,gen-0477,gen-finglish-insult
t2-1707,gen-0478,gen-finglish-insult
t2-1708,gen-0479,gen-finglish-insult
t2-1709,gen-0480,gen-finglish-insult
t2-1710,gen-0481,gen-finglish-insult
t2-1711,gen-0482,gen-finglish-insult
t2-1712,gen-0483,gen-finglish-insult
t2-1713,gen-0484,gen-finglish-insult
t2-1714,gen-0485,gen-finglish-insult
t2-1715,gen-0486,gen-finglish-insult
t2-1716,gen-0487,gen-finglish-insult
t2-1717,gen-0488,gen-finglish-insult
t2-1718,gen-0489,gen-finglish-insult
t2-1719,gen-0490,gen-finglish-insult
t2-1720,gen-0491,gen-phone-words
t2-1721,gen-0494,gen-phone-words
t2-1722,gen-0497,gen-phone-words
t2-1723,gen-0500,gen-phone-words
t2-1724,gen-0503,gen-phone-words
t2-1725,gen-0506,gen-phone-words
t2-1726,gen-0509,gen-phone-words
t2-1727,gen-0512,gen-phone-words
t2-1728,gen-0515,gen-phone-words
t2-1729,gen-0518,gen-phone-words
t2-1730,gen-0521,gen-phone-words
t2-1731,gen-0524,gen-phone-words
t2-1732,gen-0527,gen-phone-words
t2-1733,gen-0530,gen-phone-words
t2-1734,gen-0533,gen-phone-words
t2-1735,gen-0536,gen-phone-words
t2-1736,gen-0539,gen-phone-words
t2-1737,gen-0542,gen-phone-words
t2-1738,gen-0545,gen-phone-words
t2-1739,gen-0548,gen-phone-words
t2-1740,gen-0551,gen-phone-words
t2-1741,gen-0554,gen-phone-words
t2-1742,gen-0557,gen-phone-words
t2-1743,gen-0560,gen-phone-words
t2-1744,gen-0563,gen-phone-words
t2-1745,gen-0566,gen-phone-words
t2-1746,gen-0569,gen-phone-words
t2-1747,gen-0572,gen-phone-words
t2-1748,gen-0575,gen-phone-words
t2-1749,gen-0578,gen-phone-words
