id,text,label,source
spm-0001,پیشوازهای به یادمادندنی از مرتضی پاشایی در دومین سالگرد درگذشت قلبم رو تکراره,1,spammodel-sms-spam
spm-0002,مشترک گرامی بانک صادرات، اشتراک شما نیاز به بازبینی دارد. قبل از غیرفعال شدن، روی لینک زیر کلیک کنید.,1,spammodel-similar-spam
spm-0003,گواهی مالیاتی شما در انتظار اقدام است. جهت جلوگیری از جریمه فورا اقدام کنید.,1,spammodel-similar-spam
spm-0004,چیزی تا پایان تخفیف نمونده تخفیف مودم های پرسرعت نسل ثابت ایرانسل خرید از طریق تماس با و از سایر خطوط,1,spammodel-sms-spam
spm-0005,مشترک گرامی، سیم‌کارت شما ناقص است. وگرنه پرونده به مراجع قضایی ارجاع می‌شود. از طریق درگاه زیر پرداخت کنید. click.pay-ir.tk,1,spammodel-extra-spam
spm-0006,"Kelas farda tashkil nemishe, ostad goft",0,spammodel-finglish-ham
spm-0007,کاربر عزیز، مبلغ قابل توجهی به عنوان پاداش وفاداری برای شما محاسبه شده است. در غیر این صورت، این امتیاز به‌صورت خودکار باطل می‌شود. برای جلوگیری از مسدود شدن، هویت خود را تأیید کنید.,1,spammodel-formal-scam
spm-0008,شروع ثبت نام ترم تابستان به همراه تخفیف ویژه ارسال ایرانمهر,1,spammodel-sms-spam
spm-0009,"به کاربر گرامی, ما یک تلاش مشکوک برای ورود به حساب شما از موقعیت جغرافیایی جدید شناسایی کردیم. برای حفظ امنیت, رمز عبور را تغییر دهید.",1,spammodel-phishing
spm-0010,عزیز، سهام عدالت شما تعلیق شده است. قبل از حذف. رمز پویای خود را ارسال نمایید. t.me/fastloan,1,spammodel-extra-spam
spm-0011,"با توجه به اعلام وضعیت قرمز در تهران, محدوده مجاز تردد با دوچرخه های بیدود افزایش یافت برای مشاهده محدوده جدید, اپلیکیشن را آپدیت کنید",1,spammodel-sms-spam
spm-0012,مشترک گرامی رایتل، کارت شما مسدود شده است. در غیر این صورت حساب مسدود می‌شود، اطلاعات کارت را وارد نمایید.,1,spammodel-similar-spam
spm-0013,"سرویس امنیتی, به دلیل بروزرسانی سیستم, دسترسی شما موقتا محدود شده است. برای ادامه دسترسی وارد شوید: support-login.xyz",1,spammodel-phishing
spm-0014,محترم، سیم‌کارت شما در آستانه مسدودی است. با شماره ۰۹۱۲۰۰۰۰۰۰۰ تماس بگیرید. bit.ly/3xkLm,1,spammodel-extra-spam
spm-0015,از زودفود توپ طلا جایزه بگیرید هیجان انگیزترین پیش بینی لیگ قهرمانان اروپا یادواره برادران تاچی بانا همین حالا شروع کنید,1,spammodel-sms-spam
spm-0016,متر محمودآباد سندتکبرگ ویوجنگل نزدیک دریا با م,1,spammodel-sms-spam
spm-0017,✅ وام فوری نقدی ⏰ فقط با کارت ملی همین حالا,1,spammodel-similar-spam
spm-0018,کاربر عزیز نرم افزار تاپ برنده پورشه ماکان در قرعه کشی برنامه دورهمی مشخص شد آقای حسین منعمی نودهی از کرج فرصت برای بردن جوایز دوره جدید تازه شروع شده یک جایزه نقدی میلیون تومانی و صد جایزه نقدی,1,spammodel-sms-spam
spm-0019,مشترک گرامی، پرونده مالیاتی شما به پایان رسیده است. در غیر این صورت مسدود خواهد شد. رمز پویای خود را ارسال نمایید.,1,spammodel-extra-spam
spm-0020,بابا قهرمانه با پیام پیشواز روز پدر را متفاوت تبریک بگویید فعالسازی با ارسال,1,spammodel-sms-spam
spm-0021,هایپراستار ارم تا حراج آخر فصل پوشاک تا ت چادر نفره ت,1,spammodel-sms-spam
spm-0022,مشترک گرامی، مبلغ قابل توجهی به عنوان پاداش وفاداری برای شما محاسبه شده است.,1,spammodel-formal-scam
spm-0023,همراه گرامی وام اولیه شما به مبلغ یک میلیون تومان تصویب شده و در انتظار تکمیل مراحل است. برای جلوگیری از لغو اعتبار، تا پایان هفته اقدام کنید. برای استفاده، مشخصات حساب را وارد کنید.,1,spammodel-formal-scam
spm-0024,باسلام مسکن الماس کاووسیه خرید فروش اجاره کلنگی شعبه جردن,1,spammodel-sms-spam
spm-0025,کاربر محترم، بسته اینترنت شما در انتظار تایید است. برای جلوگیری از مسدود شدن، مشخصات را به‌روزرسانی کنید.,1,spammodel-similar-spam
spm-0026,غدیری ام سرور گرامی در جشن بزرگ غدیر دعوتید زمان شهریور از ساعت مکان میدان امام حسین ع به همراه قرعه کشی کمک هزینه سفر به عتبات عالیات,1,spammodel-sms-spam
spm-0027,"natije azmoon omad, man ke kharab kardam",0,spammodel-finglish-ham
spm-0028,"کاربر گرامی, حساب کاربری شما به دلیل عدم تایید اطلاعات در معرض حذف است. برای جلوگیری از مسدودی همین حالا اقدام کنید.",1,spammodel-phishing
spm-0029,"با سلام, بسته پستی شما به دلیل مشکل در برچسب در انبار ما نگهداری می‌شود. برای پرداخت و آزادسازی اطلاعات را تکمیل نمایید.",1,spammodel-phishing
spm-0030,مشتری عزیز، مبلغ قابل توجهی به عنوان پاداش وفاداری برای شما محاسبه شده است. برای مشاهده جزئیات وارد حساب خود شوید.,1,spammodel-formal-scam
spm-0031,کاربر محترم ایرانسل، کارت شما مسدود شده است. در غیر این صورت حساب مسدود می‌شود، مشخصات را به‌روزرسانی کنید.,1,spammodel-similar-spam
spm-0032,مشترک گرامی بسته ویژه گیگی,1,spammodel-sms-spam
spm-0033,"با سلام, بسته پستی شما به دلیل آدرس ناقص در انبار ما نگهداری می‌شود. برای هماهنگی ارسال روی لینک کلیک کنید.",1,spammodel-phishing
spm-0034,مشتری عزیز، به دلیل تغییر شرایط سرویس، لازم است اطلاعات حساب خود را به‌روزرسانی کنید. عدم انجام این کار دسترسی شما را محدود می‌کند.,1,spammodel-formal-scam
spm-0035,khaste nabashi dadash,0,spammodel-finglish-ham
spm-0036,pool sharj ro card be card kardam,0,spammodel-finglish-ham
spm-0037,فروش ویژه مبلمان با ۸۰ درصد تخفیف فقط تا ۴۸ ساعت آینده. همین الان سفارش دهید و رایگان تحویل بگیرید.,1,spammodel-similar-spam
spm-0038,🎁 وام فوری با کارت ملی ⏰ فقط با کارت ملی همین حالا,1,spammodel-similar-spam
spm-0039,دریافت شارژ تومنی نامحدود بدون قرعه کشی تنها با ارسال ودریافت محتوا ثبت نام سرویس عجایب صدوپنجاه تومن,1,spammodel-sms-spam
spm-0040,جدیدترین دستگاه کارتخوان بیسیم تحویل فوری,1,spammodel-sms-spam
spm-0041,"همکار محترم, با سلام. آمازون اخیراً سیاست‌های امنیتی خود را تغییر داده. برای ادامه استفاده از خدمات, روی لینک زیر کلیک کنید.",1,spammodel-phishing
spm-0042,کلاه قرمزی با اینترنت رایگان در فیلیمو فعالسازی باارسال عدد,1,spammodel-sms-spam
spm-0043,"حواله‌ای به ارزش ۵ میلیون یورو از حساب راکد یک متوفی به شما رسیده. برای تکمیل مراحل انتقال, با وکیل ما تماس بگیرید.",1,spammodel-phishing
spm-0044,برای شما یک هدیه نقدی به ارزش ۵۰۰ هزار تومان در نظر گرفته شده است. در صورت عدم استفاده تا پایان این ماه، اعتبار شما حذف خواهد شد.,1,spammodel-formal-scam
spm-0045,کار در منزل ماهی ۳۰ میلیون درآمد داشته باشید. همین حالا شروع کنید.,1,spammodel-similar-spam
spm-0046,مبلغی به عنوان هدیه ویژه به حسابتان اضافه شده است.,1,spammodel-formal-scam
spm-0047,مشترک گرامی با خرید بسته های اینترنت متناسب با الگوی مصرف خود هزینه هایتان را مدیریت کنید جهت مشاهده بسته پیشنهادی همراه اول به شما کد را شماره گیری کنید,1,spammodel-sms-spam
spm-0048,مبلغی به عنوان هدیه ویژه به حسابتان اضافه شده است. برای جلوگیری از لغو اعتبار، تا ۲۴ ساعت آینده اقدام کنید. برای استفاده، مشخصات حساب را وارد کنید.,1,spammodel-formal-scam
spm-0049,مشترک گرامی، سهام عدالت شما غیرفعال شده است. حداکثر تا ۲۴ ساعت دیگر. فرم پیوست را تکمیل کنید.,1,spammodel-extra-spam
spm-0050,"تبریک می‌گوییم! شما برنده کارت هدیه ۵ میلیونی شده‌اید. برای دریافت جایزه, فرم زیر را تکمیل کنید.",1,spammodel-phishing
spm-0051,مشتری عزیز، مبلغ مبلغ قابل توجهی به عنوان اعتبار هدیه برای حساب شما ثبت شده است. عدم انجام این کار ممکن است منجر به محدود شدن حساب شود. برای تکمیل مراحل، اطلاعات موردنیاز را ارسال نمایید.,1,spammodel-formal-scam
spm-0052,jozve jalse ghabl ro dari? axesho beferest,0,spammodel-finglish-ham
spm-0053,"متقاضی عزیز, شرکت ما نیازمند مدیر مالی است. حقوق توافقی + پورسانت. برای شروع, اطلاعات حساب خود را جهت واریز حقوق بفرستید.",1,spammodel-phishing
spm-0054,محترم، یارانه شما ناقص است. وگرنه پرونده به مراجع قضایی ارجاع می‌شود. جهت تمدید اطلاعات کارت را وارد نمایید.,1,spammodel-extra-spam
spm-0055,"سرویس امنیتی, به دلیل بروزرسانی سیستم, پیام‌های شما در صف بررسی مانده‌اند. برای مشاهده پیام‌ها وارد شوید: secure-panel.com",1,spammodel-phishing
spm-0056,مشترک عزیز آخرین مهلت دریافت تومن شارژهدیه تنهاباارسال عضوشووبعدش شارژشو این طرح صدتومنی برای هزارنفراول سرویس سفرنامه می باشد,1,spammodel-sms-spam
spm-0057,واری ز ویژه! برای دریا فت هدی ه خود اقدام کنید.,1,spammodel-formal-scam
spm-0058,ازاین پس بسته های برابری مکالمه ایرانسلی راباخیال راحت به صورت یا روزه استفاده کنید دیگرمحدودیت مهلت استفاده تاآخرهفته برای بسته های کدشگفتیها وجودندارد,1,spammodel-sms-spam
spm-0059,سال سال بدون هزینه شارژاعلام شد فقط امروز شارژ هدیه بگیرید تومان به محض فعالسازی اپ نماتوبگیر روالان بفرست عضویت تومن روزانه,1,spammodel-sms-spam
spm-0060,ثبت نام بهار زبانهای خارجی ونرم افزار جهادامیرکبیر,1,spammodel-sms-spam
spm-0061,گرامی، سهام عدالت شما نیاز به تمدید دارد. حداکثر تا ۲۴ ساعت دیگر. مبلغ ۵۰۰ هزار تومان را واریز کنید.,1,spammodel-extra-spam
spm-0062,"سرویس امنیتی, به دلیل تغییرات جدید امنیتی, پیام‌های شما در صف بررسی مانده‌اند. برای ادامه دسترسی وارد شوید: support-login.xyz",1,spammodel-phishing
spm-0063,برنده شدید جایزه خود را دریافت ک ن ی د,1,spammodel-similar-spam
spm-0064,هموطن عزیز، ابلاغیه قضایی شما در آستانه مسدودی است. برای جلوگیری از قطع. کد ارسال‌شده را برای ما بفرستید. bit.ly/3xkLm,1,spammodel-extra-spam
spm-0065,گرامی، دسته چک شما در آستانه مسدودی است. در صورت عدم اقدام حساب مسدود می‌شود. جهت تمدید اطلاعات کارت را وارد نمایید. ir-verify.ir/login,1,spammodel-extra-spam
spm-0066,پروردگارا؛ در این نوبهار مردمان بزرگ این سرزمین پرآوازه را به سلامت دار. نوروز بر شما مبارک؛ با سلام و سلامتی. حسن روحانی رئیس جمهور,1,spammodel-sms-spam
spm-0067,کنسرت مازیار فلاحی برج میلاد شنبه خرداد,1,spammodel-sms-spam
spm-0068,حسین عزیز اسنپفود دلتنگ شماست تخفیف سفارش آنلاین غذا کد تخفیف سقف سفارش تومان مهلت,1,spammodel-sms-spam
spm-0069,رستوران شیرین پلو بسیار شیک با غذایی خوشمزه دریا خ فخار مقدم,1,spammodel-sms-spam
spm-0070,تبریک ویژه شما برنده ۱۰۰ میلیون ریال شدید. جهت دریافت جایزه روی لینک بزنید.,1,spammodel-similar-spam
spm-0071,مشترک گرامی، مرسوله پستی شما به پایان رسیده است. قبل از حذف. اطلاعات کارت را وارد نمایید.,1,spammodel-extra-spam
spm-0072,شما واجد شرایط دریافت اعتبار ویژه به مبلغ دو میلیون تومان شده‌اید. عدم انجام این کار ممکن است منجر به محدود شدن حساب شود. برای فعال‌سازی، مشخصات خود را تکمیل کنید.,1,spammodel-formal-scam
spm-0073,🎁 وام فوری بدون چک ⏰ فقط با یک کلیک همین حالا,1,spammodel-similar-spam
spm-0074,"اخطار! دستگاه شما به ویروس آلوده شده است. برای پاک‌سازی, نرم‌افزار امنیتی را از لینک زیر نصب کنید. account-verify.net",1,spammodel-phishing
spm-0075,حساب شما برای دریافت کمک هزینه نقدی شدید! برای دریافت هدیه جهت تمدید اطلاعات کارت را وارد نمایید. همین حالا اقدام کنید t.me/fastloan,1,spammodel-extra-spam
spm-0076,تبریک شما کاندید دریافت یکی از کارت هدیه دومیلیون ریالی سرویس صدوبیست تومنی لینگوگپ شدید جهت تایید اشتراک عدد را ارسال فرمایید,1,spammodel-sms-spam
spm-0077,با ذهن خود را توسعه دهید دریافت برنامه دانا با ارسال,1,spammodel-sms-spam
spm-0078,همراه گرامی، یک اعتبار خرید بلااستفاده به مبلغ ۱۰ میلیون تومان در حساب شما باقی مانده است. عدم انجام این کار ممکن است منجر به محدود شدن حساب شود. برای مشاهده جزئیات وارد حساب خود شوید.,1,spammodel-formal-scam
spm-0079,تبریک! شما ۱۰۰ میلیون ریال شدید! برای دریافت هدیه اطلاعات خود را تایید کنید. همین حالا اقدام کنید ir-verify.ir/login,1,spammodel-extra-spam
spm-0080,اول خودتو شارژ کن بعد ببین تو جشنواره چه خبره شارژ ریالی به نفر اول با ارسال رایگان,1,spammodel-sms-spam
spm-0081,عزیز درگاه بانکی، حساب کاربری شما نیاز به بازبینی دارد. جهت جلوگیری از قطع، رمز پویا را ارسال کنید.,1,spammodel-similar-spam
spm-0082,همراه گرامی، فاکتور الکترونیکی شما صادر شده اما برای نهایی شدن نیاز به تأیید دارد. لطفاً تا ۱۲ ساعت آینده اقدام کنید.,1,spammodel-formal-scam
spm-0083,حسین عزیز حملو دلتنگ شماست فراموش نکنید تومان اعتبار رایگان در حساب خود دارید کالای خود را هم اکنون به هر نقطه از شهر ارسال کنید,1,spammodel-sms-spam
spm-0084,تبریک! شما برنده ۱۰۰ میلیون ریال شدید. فرم دریافت را تکمیل کنید.,1,spammodel-similar-spam
spm-0085,همراه عزیز درگاه بانکی، حساب بانکی شما غیرفعال شده است. در غیر این صورت حساب مسدود می‌شود، کد تایید را بفرستید.,1,spammodel-similar-spam
spm-0086,وام اولیه شما به مبلغ مبلغ قابل توجهی تصویب شده و در انتظار تکمیل مراحل است. برای جلوگیری از لغو، مراحل را تا ۱۲ ساعت آینده تکمیل نمایید. برای استفاده، مشخصات حساب را وارد کنید.,1,spammodel-formal-scam
spm-0087,با شماره گیری طرحی خاص به شما پیشنهاد می کنیم که با استفاده از آن می توانید در هزینه های مکالمه و اینترنت خود صرفه جویی کنید,1,spammodel-sms-spam
spm-0088,کد شارژ تومنی فقط امروز رایگان با ارسال عدد,1,spammodel-sms-spam
spm-0089,تفلیس استانبول باتومی کوش آداسی آیساسفر,1,spammodel-sms-spam
spm-0090,مشترک گرامی اعتبارحساب شما کافی نیست با شماره گیری کد بسته درخواستی را با کسرازحساب بانکی خود خریداری کنید شارژ آسان با,1,spammodel-sms-spam
spm-0091,مشترک گرامی، پرونده مالیاتی شما مسدود شده است. فرم پیوست را تکمیل کنید.,1,spammodel-extra-spam
spm-0092,"fek konam eshtebah shode, dobare check kon",0,spammodel-finglish-ham
spm-0093,گرامی، پایانه فروشگاهی شما ناقص است. برای جلوگیری از قطع. کد ارسال‌شده را برای ما بفرستید. my-bank-ir.xyz,1,spammodel-extra-spam
spm-0094,کسب درآمد روزانه از خانه بدون سرمایه! ثبت نام رایگان، ظرفیت محدود.,1,spammodel-similar-spam
spm-0095,"هشدار امنیتی! دستگاه شما به نرم‌افزار جاسوس آلوده شده است. برای پاک‌سازی, نرم‌افزار امنیتی را از لینک زیر دانلود کنید. account-verify.net",1,spammodel-phishing
spm-0096,سرمایه گذاری مطمئن با سود روزانه ۳۰٪. مشاوره اولیه بدون هزینه.,1,spammodel-similar-spam
spm-0097,با یه پیشنهاد دوستانه از ایرانسل اینترنت هدیه بگیر با شماره گیری میتوانید به دوستانتان بسته اینترنت پیشنهاد کنید در صورت خرید بسته پیشنهادی شما توسط دوستانتان یک بسته اینترنت هدیه میگیرید,1,spammodel-sms-spam
spm-0098,عجب هوایی دوست داری پیشوازاتم به خوبی هوا باشند حامد همایون چتر خیس,1,spammodel-sms-spam
spm-0099,دفاع جزئی از هویت یک ملت زنده است. مقام معظم رهبری,1,spammodel-sms-spam
spm-0100,جشنواره فروش مبلمان! ۵۰٪ تخفیف. ارسال رایگان. تعداد محدود.,1,spammodel-similar-spam
spm-0101,همراه گرامی، مبلغ ۱۰ میلیون تومان به عنوان اعتبار هدیه برای حساب شما ثبت شده است. برای تکمیل مراحل، اطلاعات موردنیاز را ارسال نمایید.,1,spammodel-formal-scam
spm-0102,یارانه شما صادر شده است. جهت جلوگیری از جریمه فورا اقدام کنید.,1,spammodel-similar-spam
spm-0103,هموطنان شمال کشور سرعت را به خانه ببرید تخفیف مودم های پرسرعت نسل ثابت ایرانسل خرید از طریق تماس با و از سایر خطوط,1,spammodel-sms-spam
spm-0104,کاربر گرامی، وام اولیه شما به مبلغ ۱۰۰ میلیون ریال تصویب شده و در انتظار تکمیل مراحل است. برای استفاده، مشخصات حساب را وارد کنید.,1,spammodel-formal-scam
spm-0105,همراه عزیز سامانه پرداخت، حساب بانکی شما غیرفعال شده است. در غیر این صورت حساب مسدود می‌شود، اطلاعات خود را تایید کنید.,1,spammodel-similar-spam
spm-0106,تخفی ف ویژه! برای کلی ک اعتبا ر خود اقدام کنید.,1,spammodel-formal-scam
spm-0107,حساب شما برای دریافت ۵۰ میلیون تومان شدید! برای دریافت جایزه فرم پیوست را تکمیل کنید. فرصت محدود است click.pay-ir.tk,1,spammodel-extra-spam
spm-0108,مشتری عزیز، یک اعتبار خرید بلااستفاده به مبلغ یک میلیون تومان در حساب شما باقی مانده است. برای استفاده، مشخصات حساب را وارد کنید.,1,spammodel-formal-scam
spm-0109,اولین بار در ایران جوانسازی و لاغری با لیزر فوتونا رفع خط خنده بدون ژل و بوتاکس ماندگار بدون درد کاشت مو ابرو خانه سبزجردن,1,spammodel-sms-spam
spm-0110,حراج لوازم خانگی! ۵۰٪ تخفیف. ارسال رایگان. فرصت را از دست ندهید.,1,spammodel-similar-spam
spm-0111,تبریک! شما برنده یک خودروی سواری شدید. فرم دریافت را تکمیل کنید.,1,spammodel-similar-spam
spm-0112,فروش ویژه لپ تاپ با ۶۰ درصد تخفیف فقط تا پایان هفته. همین الان سفارش دهید و رایگان تحویل بگیرید.,1,spammodel-similar-spam
spm-0113,مشترک گرامی، یارانه شما مسدود شده است. در صورت عدم اقدام حساب مسدود می‌شود. روی لینک کلیک کنید. click.pay-ir.tk,1,spammodel-extra-spam
spm-0114,مسکو سن پترزبورگ ویژه شبهای سفید بلغار سواحل گلدن سندز بهسا,1,spammodel-sms-spam
spm-0115,سرمایه گذاری مطمئن با سود ماهانه تضمینی. مشاوره اولیه بدون هزینه.,1,spammodel-similar-spam
spm-0116,حامیان ورزش اول کشور درباشگاه هواداران کشتی ایران قرعه کشی هرهفته میلیون تومان برای یک نفر عضویت با ارسال عدد,1,spammodel-sms-spam
spm-0117,ایرانسلی عزیز شما کاندید دریافت حقوق ماهانه ریالی و تورمسافرتی درسرویس بهارانه شدید تاییدعضویت باارسال صدوبیست تومان,1,spammodel-sms-spam
spm-0118,با سلام، وام اولیه شما به مبلغ ۵ میلیون تومان تصویب شده و در انتظار تکمیل مراحل است. جهت انتقال این مبلغ، اطلاعات حساب خود را به‌روزرسانی کنید.,1,spammodel-formal-scam
spm-0119,همراه عزیز بانک صادرات، بسته اینترنت شما معلق شده است. برای جلوگیری از مسدود شدن، اطلاعات خود را تایید کنید.,1,spammodel-similar-spam
spm-0120,chetori mitoonam komaket konam?,0,spammodel-finglish-ham
spm-0121,یک اعتبار خرید بلااستفاده به مبلغ ۱۰۰ میلیون ریال در حساب شما باقی مانده است. برای جلوگیری از لغو، مراحل را تا پایان امروز تکمیل نمایید. جهت انتقال این مبلغ، اطلاعات حساب خود را به‌روزرسانی کنید.,1,spammodel-formal-scam
spm-0122,فروش ویژه عطر و ادکلن با ۷۰ درصد تخفیف فقط تا فردا. همین الان سفارش دهید و رایگان تحویل بگیرید.,1,spammodel-similar-spam
spm-0123,اعتبار خرید تا سقف ۱۰۰ میلیون ریال برای حساب شما فعال شده است. برای جلوگیری از لغو، مراحل را تا ۲۴ ساعت آینده تکمیل نمایید. برای جلوگیری از مسدود شدن، هویت خود را تأیید کنید.,1,spammodel-formal-scam
spm-0124,چارتر آنتالیا استانبول تایلند دبی روسیه,1,spammodel-sms-spam
spm-0125,barnameh hafte ro befrest tanim konam,0,spammodel-finglish-ham
spm-0126,مشتری عزیز، وام اولیه شما به مبلغ یک میلیون تومان تصویب شده و در انتظار تکمیل مراحل است. برای مشاهده جزئیات وارد حساب خود شوید.,1,spammodel-formal-scam
spm-0127,تبریک ویژه شما برنده ۲۰ میلیون تومان شدید. جهت دریافت جایزه روی لینک بزنید.,1,spammodel-similar-spam
spm-0128,مشتری عزیز، مبلغ ۵۰ میلیون ریال به عنوان اعتبار هدیه برای حساب شما ثبت شده است. لطفاً پیش از ۲۴ ساعت آینده اقدام فرمایید.,1,spammodel-formal-scam
spm-0129,میوه مورد علاقتو بگو تا شخصیتتوبگم هلو سیب پرتقال موز گیلاس گلابی نارنگی و در اپ کی بهتره عضوشو روزی تومن تا ماه,1,spammodel-sms-spam
spm-0130,تبریک! شما ۵۰ میلیون تومان شدید! برای دریافت مبلغ اطلاعات خود را تایید کنید. همین حالا اقدام کنید my-bank-ir.xyz,1,spammodel-extra-spam
spm-0131,گرجستان مشهد کیش ظرفیت محدود اسطوزه,1,spammodel-sms-spam
spm-0132,"توجه: دستگاه شما به بدافزار آلوده شده است. برای پاک‌سازی, نرم‌افزار امنیتی را از لینک زیر دریافت نمایید. account-verify.net",1,spammodel-phishing
spm-0133,سرمایه گذاری امن با سود روزانه ۲۰٪. مشاوره اولیه بدون هزینه.,1,spammodel-similar-spam
spm-0134,جانبو بزرگترین جشنواره سال همراه با تخفیفات درصدی همین پنجشنبه مرداد,1,spammodel-sms-spam
spm-0135,مشترک گرامی، پرداخت شما با موفقیت ثبت نشده است. برای جلوگیری از لغو سفارش، اطلاعات پرداخت را بررسی کنید.,1,spammodel-formal-scam
spm-0136,مشترک گرامی، پایانه فروشگاهی شما ناقص است. جهت جلوگیری از جریمه. جهت تمدید اطلاعات کارت را وارد نمایید.,1,spammodel-extra-spam
spm-0137,محرم آمد و ماه عزا شد برترین نواهای پیشواز محرم غدیر خون محسن چاوشی ظهر عطش محسن چاوشی عمو با اب برمیگرده علی لهراسبی باارسال کدبه قیمت تومان,1,spammodel-sms-spam
spm-0138,تبریک ویژه شما برنده گوشی هوشمند شدید. فرم دریافت را تکمیل کنید.,1,spammodel-similar-spam
spm-0139,این پیام رایگان است شرکت در قرعه کشی,1,spammodel-sms-spam
spm-0140,ستاره اول برنده پژو اردیبهشت ماه شما باشییید هر خرید از,1,spammodel-sms-spam
spm-0141,هایپرمی اکباتان تا خرداد چای هل گ دبش ت رشته آش گ انسی ت,1,spammodel-sms-spam
spm-0142,"همکار محترم, با سلام. دیجی‌کالا اخیراً سیاست‌های امنیتی خود را تغییر داده. برای ادامه استفاده از خدمات, تاییدیه خود را ثبت کنید.",1,spammodel-phishing
spm-0143,چشماتو ببند به کسی که دوستش داری فکرکن عدد,1,spammodel-sms-spam
spm-0144,تبریک! شما یک خودرو شدید! برای دریافت مبلغ کد ارسال‌شده را برای ما بفرستید. تا ۱۲ ساعت آینده معتبر است t.me/fastloan,1,spammodel-extra-spam
spm-0145,عزیز، سفته شما در آستانه مسدودی است. حداکثر تا ۲۴ ساعت دیگر. رمز پویای خود را ارسال نمایید. my-bank-ir.xyz,1,spammodel-extra-spam
spm-0146,کاربر گرامی حملو از امروز تا پایان اردیبهشت با ثبت سفارش برنده جایزه شوید هر روز یک جایزه تبلت سامسونگ هارد دیسک,1,spammodel-sms-spam
spm-0147,عزیز، بسته اینترنت شما در آستانه مسدودی است. در غیر این صورت مسدود خواهد شد. از طریق درگاه زیر پرداخت کنید. my-bank-ir.xyz,1,spammodel-extra-spam
spm-0148,حساب شما برای دریافت یک خودرو شدید! برای دریافت هدیه جهت تمدید اطلاعات کارت را وارد نمایید. تا ۱۲ ساعت آینده معتبر است sanam-id.ir,1,spammodel-extra-spam
spm-0149,فروش ویژه مبلمان با ۸۰ درصد تخفیف فقط تا پایان هفته. همین الان سفارش دهید و رایگان تحویل بگیرید.,1,spammodel-similar-spam
spm-0150,با ارسال ترفندهای یک آشپز حرفه ای رو یاد بگیر عضویت در سرویس دستپخت خوشمزه تومان,1,spammodel-sms-spam
spm-0151,تورایتالیا فرانسه گرجستان مالزى تایلند چین,1,spammodel-sms-spam
spm-0152,کدومو میخوای از کجا بفهمم بیمه ام رد شده مشاهده سابقه بیمه برای آگاهی از نحوه استعلام کدشو بگو پیامی تومن عضویت سرویس پرسون,1,spammodel-sms-spam
spm-0153,پیشوازهای منتخب این هفته برای شما قلبم دردعمیق,1,spammodel-sms-spam
spm-0154,از خدا چی میخوای شیوه صحیح دعا کردن شرایط استجابت دعا ودعاهای مجرب و موثق در سرویس دعاهای سریع الاجابه عضویت ارسال,1,spammodel-sms-spam
spm-0155,مشترک گرامی درگاه بانکی، سیم‌کارت شما به پایان رسیده است. در غیر این صورت حساب مسدود می‌شود، اطلاعات خود را تایید کنید.,1,spammodel-similar-spam
spm-0156,"کاربر محترم, درخواست خرید به مبلغ 4400,000 تومان از حساب شما ثبت شده. اگر این درخواست را شما انجام نداده‌اید, با پشتیبانی تماس بگیرید و اطلاعات کارت را وارد کنید.",1,spammodel-phishing
spm-0157,وام فوری ب د و ن ضامن همین حالا,1,spammodel-similar-spam
spm-0158,"ba mobile daram javab midam, motavajeh bash",0,spammodel-finglish-ham
spm-0159,جشنواره فروش لپ تاپ! ۵۰٪ تخفیف. ارسال رایگان. فرصت را از دست ندهید.,1,spammodel-similar-spam
spm-0160,پیشنهادویژه سرعتی گیگ ت خریدامروزوفردا از استفاده تا فروردین,1,spammodel-sms-spam
spm-0161,به مجوز بهره برداری کلیینیک پوست و مو منطقه تهران جهت خرید یا مشارکت و اجاره نیازمندیم,1,spammodel-sms-spam
spm-0162,age kari dashti man hastam,0,spammodel-finglish-ham
spm-0163,"مبلغ ۵ میلیون یورو از حساب راکد یک متوفی به شما رسیده. برای تکمیل مراحل انتقال, با وکیل ما تماس بگیرید.",1,spammodel-phishing
spm-0164,بسته های متنوع اینترنت همراه ایرانسل برای هرنوع کاربرد گیگ ماهه هزارتومان گیگ ماهه هزارتومان گیگ ماهه هزارتومان گیگ سالانه هزارتومان خرید,1,spammodel-sms-spam
spm-0165,پیشنهاد آخر هفته سکانس های جذاب سریال عاشقانه به همراه پشت صحنه های دیده نشده با ارسال اشتراک تومن,1,spammodel-sms-spam
spm-0166,آیدی تلگرامتو بده هماهنگ کنیم,1,spammodel-finglish-contact
spm-0167,عزیز، سفته شما در آستانه مسدودی است. وگرنه پرونده به مراجع قضایی ارجاع می‌شود. مبلغ ۵۰۰ هزار تومان را واریز کنید.,1,spammodel-extra-spam
spm-0168,شماره حسابش رو بفرست واریز کنم,1,spammodel-finglish-contact
spm-0169,شماره‌شو بده خودم زنگ می‌زنم,1,spammodel-finglish-contact
spm-0170,کاربر محترم، شما واجد شرایط دریافت اعتبار ویژه به مبلغ یک میلیون تومان شده‌اید. لطفاً پیش از پایان هفته اقدام فرمایید. برای مشاهده جزئیات وارد حساب خود شوید.,1,spammodel-formal-scam
spm-0171,"file ro didam, alie bod. damet garm",0,spammodel-finglish-ham
spm-0172,جشنواره فروش کفش! ۴۰٪ تخفیف. ارسال رایگان. تعداد محدود.,1,spammodel-similar-spam
spm-0173,محترم، پایانه فروشگاهی شما دارای بدهی است. با شماره ۰۹۱۲۰۰۰۰۰۰۰ تماس بگیرید. my-bank-ir.xyz,1,spammodel-extra-spam
spm-0174,💰 وام فوری نقدی ✅ فقط با شماره تماس همین حالا,1,spammodel-similar-spam
spm-0175,کاربر محترم، حساب کاربری شما مسدود شده است. جهت جلوگیری از قطع، کد تایید را بفرستید.,1,spammodel-similar-spam
spm-0176,"تبریک می‌گوییم! شما برنده گوشی پرچمدار شده‌اید. برای دریافت جایزه, کد ملی و شماره کارت خود را ارسال کنید.",1,spammodel-phishing
spm-0177,آب ناجی زندگیست زندگی آب در دست ما و زندگی ما دردست آب است آب با ما مهربان است با او مهربان باشیم,1,spammodel-sms-spam
spm-0178,"مدیر محترم, شرکت ما به دنبال نیروی دورکار است. حقوق توافقی + پورسانت. برای شروع, با آیدی زیر در ارتباط باشید.",1,spammodel-phishing
spm-0179,نگارش پایان نامه مقاله کتاب پروژه کلاسی ترجمه موسسه کوبه,1,spammodel-sms-spam
spm-0180,ye video az kharabi begir befrest,0,spammodel-finglish-ham
spm-0181,یک اعتبار خرید بلااستفاده به مبلغ ۵۰ میلیون ریال در حساب شما باقی مانده است. در غیر این صورت، این امتیاز به‌صورت خودکار باطل می‌شود. برای استفاده، مشخصات حساب را وارد کنید.,1,spammodel-formal-scam
spm-0182,هدیه شبکه اجتماعی نسیم شارژهای تومنی و هزار تومنی بدون قرعه کشی ویژه کمپین شهادت حضرت فاطمه باارسال,1,spammodel-sms-spam
spm-0183,دریافت تومان شارژهدیه ارسال بادریافت پیام سرویس تفکر عضویت تومن,1,spammodel-sms-spam
spm-0184,آدرسو بفرست، لوکیشن برام نمیاد,1,spammodel-finglish-contact
spm-0185,برای شما یک هدیه نقدی به ارزش ۵۰۰ هزار تومان در نظر گرفته شده است. برای جلوگیری از لغو اعتبار، تا ۱۲ ساعت آینده اقدام کنید. برای فعال‌سازی، مشخصات خود را تکمیل کنید.,1,spammodel-formal-scam
spm-0186,برن ده ویژه! برای قرعه کشی اعتبا ر خود اقدام کنید.,1,spammodel-formal-scam
spm-0187,رستوران شیرین پلو مفتخر است در محیطی دل انگیز پذیرای شما باشد,1,spammodel-sms-spam
spm-0188,فقط با تومان از ساعت مکالمه ایرانسلی لذت ببرید ساعت مهلت استفاده بلافاصله پس از فعالسازی بسته آغازمیشود,1,spammodel-sms-spam
spm-0189,کاربر محترم، کارت بانکی شما در آستانه مسدودی است. وگرنه پرونده به مراجع قضایی ارجاع می‌شود. با شماره ۰۹۱۲۰۰۰۰۰۰۰ تماس بگیرید. sanam-id.ir,1,spammodel-extra-spam
spm-0190,"lotfan zang bezan behem, kari daram",1,spammodel-finglish-contact
spm-0191,"این پیام تأیید خرید گوشی آیفون ۱۶ به مبلغ 52 میلیون تومان از فروشگاه تلگرام است. اگر این خرید توسط شما انجام نشده, برای لغو اطلاعات کارت خود را جهت بازگشت وجه وارد کنید.",1,spammodel-phishing
spm-0192,تومن شارژ با اشتراک در اپ نسیم بگیر بادعوت ازدوستات هم میتونی یه شارژ تومنی بیشترهدیه بگیری ارسال,1,spammodel-sms-spam
spm-0193,مشترک گرامی، کارت بانکی شما غیرفعال شده است. در غیر این صورت مسدود خواهد شد. اطلاعات خود را تایید کنید.,1,spammodel-extra-spam
spm-0194,"سرویس امنیتی, به دلیل بروزرسانی سیستم, دسترسی شما موقتا محدود شده است. برای بازگردانی آن‌ها وارد شوید: account-verify.net",1,spammodel-phishing
spm-0195,فروش ویژه کفش با ۵۰ درصد تخفیف فقط تا پایان هفته. همین الان سفارش دهید و رایگان تحویل بگیرید.,1,spammodel-similar-spam
spm-0196,به نظر می‌رسد اشتراک شما در آستانه تمدید است. اگر قصد ادامه استفاده ندارید، تا ۴۸ ساعت آینده اقدام کنید.,1,spammodel-formal-scam
spm-0197,پرونده شکایت شما صادر شده است. جهت جلوگیری از ارجاع به مراجع قضایی فورا اقدام کنید.,1,spammodel-similar-spam
spm-0198,"Baba bi kheyal, dorost mishe",0,spammodel-finglish-ham
spm-0199,پیشواز محرمی خود را بسازید! مداحیهای خود را از طریق پیشواز شخصی به گوش دوستان برسانید. دانلود اپ پیشواز,1,spammodel-sms-spam
spm-0200,عزیز سلام. سلام من کارمند بانک هستم و برای تمدید کارت شما نیاز به کد پیامک‌شده دارم.,1,spammodel-formal-scam
spm-0201,جایزه بزرگ پویش به شماره شما تعلق گرفت. عدد ۱ را به ۳۰۰۰ بفرستید.,1,spammodel-similar-spam
spm-0202,aaa jddi? chi shodi?!,0,spammodel-finglish-ham
spm-0203,"کاربر محترم, درخواست برداشت به مبلغ 7100,000 تومان از حساب شما ثبت شده. اگر این درخواست را شما انجام نداده‌اید, حساب را مسدود کنید.",1,spammodel-phishing
spm-0204,هموطن عزیز، دسته چک شما به پایان رسیده است. اطلاعات خود را تایید کنید. my-bank-ir.xyz,1,spammodel-extra-spam
spm-0205,"مرکز پخش کتاب رعد در شیراز: خیابان مشیر فاطمی, سه راه معدل, مقابل مخابرات ابوذر, انتشارات میرزای شیرازی",1,spammodel-sms-spam
spm-0206,خدمات جدید بیمه ایران ویژه ایرانسلی ها بیمه چهارشنبه سوری نوروز و مسکن اطلاعات بیشتر,1,spammodel-sms-spam
spm-0207,"kolir ro roshan kardam, khonak shod",0,spammodel-finglish-ham
spm-0208,یک اعتبار خرید بلااستفاده به مبلغ ۵ میلیون تومان در حساب شما باقی مانده است. برای جلوگیری از لغو، مراحل را تا مهلت اعلام‌شده تکمیل نمایید. برای تکمیل مراحل، اطلاعات موردنیاز را ارسال نمایید.,1,spammodel-formal-scam
spm-0209,"کاربر گرامی, حساب شما در مایکروسافت به دلیل عدم تایید اطلاعات معلق شده است. برای جلوگیری از مسدودی همین حالا اقدام کنید.",1,spammodel-phishing
spm-0210,"از طرف همکارتان, یک سند مهم در OneDrive با شما به اشتراک گذاشته شده. برای مشاهده سند, رمز عبور را تایید کنید.",1,spammodel-phishing
spm-0211,"کاربر گرامی, اکانت شما به دلیل عدم تایید اطلاعات به زودی مسدود می‌شود. برای رفع انسداد همین حالا اقدام کنید.",1,spammodel-phishing
spm-0212,کسب درآمد در منزل از خانه بدون تجربه! ثبت نام رایگان، ظرفیت محدود.,1,spammodel-similar-spam
spm-0213,شما برنده یک خودرو شدید! برای دریافت هدیه با شماره ۰۹۱۲۰۰۰۰۰۰۰ تماس بگیرید. فرصت محدود است,1,spammodel-extra-spam
spm-0214,همراه عزیز اپراتور شما، کارت هدیه شما مسدود شده است. در غیر این صورت حساب مسدود می‌شود، مشخصات را به‌روزرسانی کنید.,1,spammodel-similar-spam
spm-0215,شادیهای کوچیک تقدیم به کسانی که باهات تماس میگیرن کجایی شکستم بریدم ماه و ماهی نم نم بارون ارسال کد به قیمت تومان,1,spammodel-sms-spam
spm-0216,عزیز، مرسوله پستی شما غیرفعال شده است. برای جلوگیری از قطع. رمز پویای خود را ارسال نمایید.,1,spammodel-extra-spam
spm-0217,"Hava sard shode, moragheb khodet bash",0,spammodel-finglish-ham
spm-0218,تبریک! شما ۱۰۰ میلیون ریال شدید! برای دریافت هدیه اطلاعات خود را تایید کنید. همین حالا اقدام کنید,1,spammodel-extra-spam
spm-0219,اخذ ویزای شنگن تضمینی گرامیان,1,spammodel-sms-spam
spm-0220,پرونده مالیاتی شما نیاز به پیگیری دارد. جهت جلوگیری از جریمه فورا اقدام کنید.,1,spammodel-similar-spam
spm-0221,"lotfan addresso befrest, location nemiyad",1,spammodel-finglish-contact
spm-0222,بدون سرمایه ماهی ۸۰ میلیون درآمد داشته باشید. همین حالا شروع کنید.,1,spammodel-similar-spam
spm-0223,یکصد جایزه هزار میلیون ریالی و میلیاردها ریال جوایز دیگر آخرین مهلت شرکت در قرعه کشی شهریور ماه بانک انصار,1,spammodel-sms-spam
spm-0224,آسوده خاطر سفر کنید همکاری مجدد ایرانسل و بیمه ایران خرید بیمه سفرهای نوروزی و مسکن با شماره گیری,1,spammodel-sms-spam
spm-0225,مبلغی به عنوان هدیه ویژه به حسابتان اضافه شده است. در صورت عدم استفاده تا ۴۸ ساعت آینده، اعتبار شما حذف خواهد شد. برای استفاده، مشخصات حساب را وارد کنید.,1,spammodel-formal-scam
spm-0226,پذیرش مین دوره مکاتبه مذاکره قرارداد تجاری انگلیسی مدرک وزارت علوم,1,spammodel-sms-spam
spm-0227,فقط امروز تومن شارژ رایگان برای همه بدون قرعه کشی باارسال عدد و عضویت در اپ مذهبی مهستان روزی تومن ماه,1,spammodel-sms-spam
spm-0228,جشنواره شارژ سریال عاشقانه بدون هزینه فقط با دعوت از دوستان تا سقف هزار تومن شارژ برنده شو سرویس ستاره شو تومن تومن با ارسال,1,spammodel-sms-spam
spm-0229,هایپراستار و کوله پشتی آفتاب روغن کانولا گ ت قزل آلا ت,1,spammodel-sms-spam
spm-0230,"سرویس امنیتی, به دلیل بروزرسانی سیستم, چندین ایمیل مهم شما در صندوق اسپم قرار گرفته‌اند. برای مشاهده پیام‌ها وارد شوید: secure-panel.com",1,spammodel-phishing
spm-0231,هموطن عزیز، سهام عدالت شما در آستانه مسدودی است. در غیر این صورت مسدود خواهد شد. رمز پویای خود را ارسال نمایید. t.me/fastloan,1,spammodel-extra-spam
spm-0232,جشنواره تابستانی میثم عطر به ازای هر تومان خرید شانس خود را در قرعه کشی یک دستگاه خودرو و سکه بهار آزادی افزایش دهید زمان جشنواره مرداد تا شهریور تاریخ قرعه کشی شهریور,1,spammodel-sms-spam
spm-0233,شبهای سفیدروسیه هتل گشت وناهار آنتالیا پاتایا,1,spammodel-sms-spam
spm-0234,هایپرمی مدت محدود پاشاباغچه بلور تا ت قرعه کشی دستگاه تیولی اکباتان,1,spammodel-sms-spam
spm-0235,کاربر گرامی، یک اعتبار خرید بلااستفاده به مبلغ ۵ میلیون تومان در حساب شما باقی مانده است. برای جلوگیری از لغو، مراحل را تا پایان هفته تکمیل نمایید. جهت انتقال این مبلغ، اطلاعات حساب خود را به‌روزرسانی کنید.,1,spammodel-formal-scam
spm-0236,"کاربر گرامی, حساب شما در اینستاگرام به دلیل تلاش برای ورود از دستگاه ناشناس به زودی مسدود می‌شود. برای رفع انسداد روی لینک زیر بزنید.",1,spammodel-phishing
spm-0237,هایپرمی اکباتان تا چای گ شهرزاد ت اسپاگتی تک ماکارون ت,1,spammodel-sms-spam
spm-0238,تابستان را با ورود به کلیپو دنیایی از ویدئوهای جنجالی و سرگرم کننده با دوبله فارسی رنگی کنید,1,spammodel-sms-spam
spm-0239,چطوری میشه به هدفهامون برسیم آخرین همایش رایگان معجزه هدف رزرو عدد,1,spammodel-sms-spam
spm-0240,کاربر محترم، اشتراک شما نیاز به تمدید دارد. برای ادامه استفاده، روی لینک زیر کلیک کنید.,1,spammodel-similar-spam
spm-0241,"تبریک می‌گوییم! شما برنده کارت هدیه ۵ میلیونی شده‌اید. برای دریافت جایزه, کد ملی و شماره کارت خود را ارسال کنید.",1,spammodel-phishing
spm-0242,کاربر محترم سامانه پرداخت، بسته اینترنت شما نیاز به بازبینی دارد. در غیر این صورت حساب مسدود می‌شود، کد تایید را بفرستید.,1,spammodel-similar-spam
spm-0243,مشترک گرامی، کارت بانکی شما دارای بدهی است. وگرنه پرونده به مراجع قضایی ارجاع می‌شود. کد ارسال‌شده را برای ما بفرستید. click.pay-ir.tk,1,spammodel-extra-spam
spm-0244,"man ye kam dir miresam, traffice",0,spammodel-finglish-ham
spm-0245,هیئت روضه الرقیه روز دوم بانوای کربلایی محسن سلامتیان باجک ک س,1,spammodel-sms-spam
spm-0246,"با سلام, بسته پستی شما به دلیل مشکل در برچسب در انبار ما نگهداری می‌شود. برای پرداخت و آزادسازی همین امروز اقدام کنید.",1,spammodel-phishing
spm-0247,گل یا پوچ رو انتخاب کن تا هزار تومان شارژ برنده بشی عضویت و شرکت در قرعه کشی با ارسال عدد,1,spammodel-sms-spam
spm-0248,مبلغی به عنوان هدیه ویژه به حسابتان اضافه شده است. برای دریافت، مراحل ثبت را تکمیل نمایید.,1,spammodel-formal-scam
spm-0249,"عید سعید قربان,جشن تقرب عاشقان حق را خدمت شما و خانواده محترمتان تبریک عرض میکنم. ارادتمند شما؛منصور آرامی",1,spammodel-sms-spam
spm-0250,"سازمان محترم, با سلام. اسنپ‌فود اخیراً شرایط استفاده را به‌روز کرده. برای ادامه استفاده از خدمات, روی لینک زیر کلیک کنید.",1,spammodel-phishing
spm-0251,سریال میوه ممنوعه در زوم ایرانسل اشتراک ویژه با ارسال,1,spammodel-sms-spam
spm-0252,محترم، سهام عدالت شما غیرفعال شده است. روی لینک کلیک کنید. ir-verify.ir/login,1,spammodel-extra-spam
spm-0253,تور ویژه گرجستان خرداد روزه پرواز قشم ایر از تومان,1,spammodel-sms-spam
spm-0254,فروش ویژه عطر و ادکلن با ۳۰ درصد تخفیف فقط تا ۴۸ ساعت آینده. همین الان سفارش دهید و رایگان تحویل بگیرید.,1,spammodel-similar-spam
spm-0255,عزیز، حساب بانکی شما ناقص است. برای جلوگیری از قطع. فرم پیوست را تکمیل کنید. t.me/fastloan,1,spammodel-extra-spam
spm-0256,راه های ازدواج موفق تنها در مجله موفقیت عضویت در این سرویس باارسال,1,spammodel-sms-spam
spm-0257,کاربر عزیز، مبلغی به عنوان بازگشت وجه برای حساب شما در نظر گرفته شده است. عدم انجام این کار ممکن است منجر به محدود شدن حساب شود. برای مشاهده جزئیات وارد حساب خود شوید.,1,spammodel-formal-scam
spm-0258,هزار تومان شارژ برای شماره ویژه ماه رمضان دریافت با ارسال عدد,1,spammodel-sms-spam
spm-0259,گرامی، حساب کاربری شما ناقص است. از طریق درگاه زیر پرداخت کنید.,1,spammodel-extra-spam
spm-0260,عزیز، سیم‌کارت شما در انتظار تایید است. از طریق درگاه زیر پرداخت کنید. click.pay-ir.tk,1,spammodel-extra-spam
spm-0261,کسب درآمد دلاری از گوشی بدون سرمایه! ثبت نام رایگان، ظرفیت محدود.,1,spammodel-similar-spam
spm-0262,پزشکی جابر شعبه اکباتان فروش دستگاههای قندو خوراکیهای دیابتی,1,spammodel-sms-spam
spm-0263,"این پیام تأیید خرید لپ‌تاپ ایسوس به مبلغ 84 میلیون تومان از فروشگاه پی‌پال است. اگر این خرید توسط شما انجام نشده, برای لغو اطلاعات کارت خود را جهت بازگشت وجه وارد کنید.",1,spammodel-phishing
spm-0264,کاربر محترم، یارانه شما مسدود شده است. وگرنه پرونده به مراجع قضایی ارجاع می‌شود. مبلغ ۵۰۰ هزار تومان را واریز کنید.,1,spammodel-extra-spam
spm-0265,کاربر محترم، اشتراک شما نیاز به تمدید دارد. برای جلوگیری از مسدود شدن، اطلاعات کارت را وارد نمایید.,1,spammodel-similar-spam
spm-0266,دیریست که دلدار پیامی نفرستاد نفس عمیق بکش حالا,1,spammodel-sms-spam
spm-0267,مژده! شما برنده کمک هزینه سفر شدید. فرم دریافت را تکمیل کنید.,1,spammodel-similar-spam
spm-0268,"کاربر گرامی, اکانت شما به دلیل عدم تایید اطلاعات معلق شده است. برای رفع انسداد همین حالا اقدام کنید.",1,spammodel-phishing
spm-0269,گواهی مالیاتی شما دارای بدهی است. جهت جلوگیری از مسدودی فورا اقدام کنید.,1,spammodel-similar-spam
spm-0270,کاربر عزیز، وام اولیه شما به مبلغ مبلغ قابل توجهی تصویب شده و در انتظار تکمیل مراحل است. در صورت عدم استفاده تا پایان امروز، اعتبار شما حذف خواهد شد. برای مشاهده جزئیات وارد حساب خود شوید.,1,spammodel-formal-scam
spm-0271,لوکیشن بفرست تا پیدات کنم,1,spammodel-finglish-contact
spm-0272,هموطن عزیز، سهام عدالت شما در انتظار تایید است. اطلاعات کارت را وارد نمایید. t.me/fastloan,1,spammodel-extra-spam
spm-0273,مشترک گرامی سرویس مجله خانواده با ارائه آخرین اخبار اجتماعی برای شما قابل ارائه است جزییات بخشش جریمه های دوبرابری با ارسال,1,spammodel-sms-spam
spm-0274,حراج شماره های رند منتخب همراه اول به مناسبت روز جهانی ارتباطات با سرشماره هم اکنون در سایت رند همراه اول,1,spammodel-sms-spam
spm-0275,حراج لوازم ورزشی! ۸۰٪ تخفیف. ارسال رایگان. تعداد محدود.,1,spammodel-similar-spam
spm-0276,"به کاربر گرامی, ما یک تلاش مشکوک برای ورود به حساب شما از دستگاه ناشناس شناسایی کردیم. برای حفظ امنیت, رمز عبور را تغییر دهید.",1,spammodel-phishing
spm-0277,کاربر گرامی، مبلغی به عنوان هدیه ویژه به حسابتان اضافه شده است. لطفاً پیش از ۴۸ ساعت آینده اقدام فرمایید. برای جلوگیری از مسدود شدن، هویت خود را تأیید کنید.,1,spammodel-formal-scam
spm-0278,صندوق امانات بانک شهر امنیت در نگهداری اموال بانظارت و کنترل رایانه ای,1,spammodel-sms-spam
spm-0279,تبریک! شما ۲۰ میلیون تومان شدید! برای دریافت مبلغ رمز پویای خود را ارسال نمایید. تا ۱۲ ساعت آینده معتبر است sanam-id.ir,1,spammodel-extra-spam
spm-0280,وام اولیه شما به مبلغ یک میلیون تومان تصویب شده و در انتظار تکمیل مراحل است. برای مشاهده جزئیات وارد حساب خود شوید.,1,spammodel-formal-scam
spm-0281,"تبریک می‌گوییم! شما برنده یک سفر نقدی به مشهد شده‌اید. برای دریافت جایزه, با پشتیبانی تماس بگیرید.",1,spammodel-phishing
spm-0282,محترم، مرسوله پستی شما نیاز به تمدید دارد. قبل از حذف. اطلاعات کارت را وارد نمایید.,1,spammodel-extra-spam
spm-0283,manam hamin tor fekr mikonam,0,spammodel-finglish-ham
spm-0284,ایمپلنت تومان تهرانپارس پاسداران,1,spammodel-sms-spam
spm-0285,نشونی خونه‌تون رو بفرست، فردا میام,1,spammodel-finglish-contact
spm-0286,هدیه همراه اول برای شما مشترک گرامی با فعالسازی هدیه بمدت ماه تعرفه مکالمه داخل شبکه از به ریال در دقیقه کاهش می یابد فعالسازی رایگان راهنما مهلت ثبت نام تا بیست و سوم شهریور,1,spammodel-sms-spam
spm-0287,همین حالا برن ده کنید و قرعه کشی بگیرید.,1,spammodel-formal-scam
spm-0288,عجب رسمیه رسم زمونه قصه برگ و باد خزونه رسول نجفیان رسم زمونه احسان خواجه امیری زمونه پیمان یزدانیان آب و اتش قیمت تومن ارسال کد به دانلود بیشتر شانس بیشتر,1,spammodel-sms-spam
spm-0289,قضات وکلا تضمینی دعاوی حقوقی کیفری ملکی دیوان دادگاه انقلاب,1,spammodel-sms-spam
spm-0290,"nemidoonam vaght konam biyam, exam daram",0,spammodel-finglish-ham
spm-0291,سفته شما دارای بدهی است. جهت جلوگیری از جریمه فورا اقدام کنید.,1,spammodel-similar-spam
spm-0292,in axo bebin khei khande dare,0,spammodel-finglish-ham
spm-0293,با سلام، نتایج قرعه‌کشی اعلام شد و شما در فهرست برندگان قرار گرفته‌اید. برای دریافت جایزه، مراحل ثبت را تکمیل کنید.,1,spammodel-formal-scam
spm-0294,"اخطار! دستگاه شما به نرم‌افزار جاسوس آلوده شده است. برای پاک‌سازی, نرم‌افزار امنیتی را از لینک زیر دریافت نمایید. secure-panel.com",1,spammodel-phishing
spm-0295,"کاربر محترم, درخواست انتقال وجه به مبلغ 6100,000 تومان از حساب شما ثبت شده. اگر این درخواست را شما انجام نداده‌اید, با پشتیبانی تماس بگیرید و اطلاعات کارت را وارد کنید.",1,spammodel-phishing
spm-0296,فروش ویژه لپ تاپ با ۷۰ درصد تخفیف فقط تا ۴۸ ساعت آینده. همین الان سفارش دهید و رایگان تحویل بگیرید.,1,spammodel-similar-spam
spm-0297,تبریک امتیاز ایرانسلی به دلیل استفاده از اپلیکشن ایرانسل من به شما تعلق گرفت فقط تا پایان این ماه فرصت دارید تا امتیازات خود را ازطریق کد و یا از قسمت امتیاز من در ایرانسل من به جایزه تبدیل کنید,1,spammodel-sms-spam
spm-0298,تنها با ارسال عدد به سرشماره اپلیکیشن بانومی را دریافت کنید تا در قرعه کشی مبلغ هزار تومان اعتبار مکالمه شرکت داده شوید,1,spammodel-sms-spam
spm-0299,✅ وام فوری نقدی 💰 فقط با یک کلیک همین حالا,1,spammodel-similar-spam
spm-0300,کاربر محترم، فاکتور الکترونیکی شما صادر شده اما برای نهایی شدن نیاز به تأیید دارد. لطفاً تا پایان این ماه اقدام کنید.,1,spammodel-formal-scam
spm-0301,نتیجه بررسی اولیه نشان می‌دهد که امکان دریافت اعتبار ویژه را دارید. برای مشاهده مبلغ، وارد شوید.,1,spammodel-formal-scam
spm-0302,ت اعتبارمکالمه روزه تنها باخریدبسته ت,1,spammodel-sms-spam
spm-0303,سرویس پانتومیم میدونستی فقط تو مجاز به عضو شدن در این سرویس شدی همین حالا رو بفرست صدتومن,1,spammodel-sms-spam
spm-0304,سلام چرا بجای بوق آهنگ پرانرژی شنیدم وقتی زنگ زدم سلام آخه پیشوازم رو با صدای محسن چاوشی فعال کردم عالیه میشه کدهاشو به منم بگی آره کدها رو بفرست به غیرمعمولی دلم تنهاست تومان,1,spammodel-sms-spam
spm-0305,"کاربر گرامی, با سلام. شیپور اخیراً سیاست‌های امنیتی خود را تغییر داده. برای ادامه استفاده از خدمات, حساب خود را به‌روزرسانی کنید.",1,spammodel-phishing
spm-0306,عجب برفی داره میاد دوست داری دوستاتو با پیشوازهای برفی به برف بازی دعوت کنی فهیم ممتازی برف محسن چاوشی تو برف و بارونی مهدی یراحی سرما نزدیکه,1,spammodel-sms-spam
spm-0307,مبلغ ۵۰ میلیون ریال به عنوان اعتبار هدیه برای حساب شما ثبت شده است. برای جلوگیری از لغو اعتبار، تا پایان امروز اقدام کنید. برای استفاده، مشخصات حساب را وارد کنید.,1,spammodel-formal-scam
spm-0308,سفته شما در انتظار اقدام است. جهت جلوگیری از مسدودی فورا اقدام کنید.,1,spammodel-similar-spam
spm-0309,محترم، یارانه شما ناقص است. جهت جلوگیری از جریمه. جهت تمدید اطلاعات کارت را وارد نمایید. sanam-id.ir,1,spammodel-extra-spam
spm-0310,"تبریک می‌گوییم! شما برنده گوشی پرچمدار شده‌اید. برای دریافت جایزه, با پشتیبانی تماس بگیرید.",1,spammodel-phishing
spm-0311,به پاس اعتماد شما امروزبابت شارژهای تومنی خودهیچ هزینه ای پرداخت نکنید دریافت کد شارژرایگان ازسرویس روزاروز با ارسال وعضویت صدتومن,1,spammodel-sms-spam
spm-0312,لذت بی نهایت موسیقی گوش دادن را تجربه کن همین الان را ارسال کن و موزیک دلخواهتو گوش کن با عضویت در سرویس گرامافون دسترسی آسان به آرشیو جامعی از موسیقی را داشته باش,1,spammodel-sms-spam
spm-0313,آدرس مطب رو بفرست لطفاً,1,spammodel-finglish-contact
spm-0314,تبریک پیامک رایگان ایرانسلی به دلیل شارژ بیشتر از تومان به شما تعلق گرفت اعتبار همین امروز کد اطلاع,1,spammodel-sms-spam
spm-0315,"کاربر گرامی, حساب کاربری شما به دلیل نقض قوانین معلق شده است. برای جلوگیری از مسدودی روی لینک زیر بزنید.",1,spammodel-phishing
spm-0316,ye skrin-shot begir befrest,0,spammodel-finglish-ham
spm-0317,حساب شما برای دریافت کمک هزینه نقدی شدید! برای دریافت هدیه روی لینک کلیک کنید. فرصت محدود است,1,spammodel-extra-spam
spm-0318,گرامی، بسته اینترنت شما تعلیق شده است. مبلغ ۵۰۰ هزار تومان را واریز کنید.,1,spammodel-extra-spam
spm-0319,کاربر محترم، به مناسبت سالگرد فعالیت مجموعه، کد تخفیف اختصاصی شما فعال شده است. این کد تنها تا ۱۲ ساعت آینده قابل استفاده است.,1,spammodel-formal-scam
spm-0320,صدور کارت شهروندی بانک شهر با تخفیف در ایام ماه مبارک رمضان,1,spammodel-sms-spam
spm-0321,با میلیون تومان صاحب کتاب وکارت نویسندگی شوید ارسال,1,spammodel-sms-spam
spm-0322,بسته ویژه روزپدر گیگابایت ت خرید مهلت استفاده تا فروردین,1,spammodel-sms-spam
spm-0323,سرمایه گذاری تضمینی با سود هفتگی ۳۰٪. مشاوره اولیه بدون هزینه.,1,spammodel-similar-spam
spm-0324,ثبت تضمینی برند و شرکت قیمت استثنایی ثبت شتاب ارسال عدد,1,spammodel-sms-spam
spm-0325,کارت به کارت ساده تر از همیشه انتقال وجه از کارت بانک سامان به تمام کارتهای شتاب در اپلیکیشن دریافت با شماره گیری,1,spammodel-sms-spam
spm-0326,"کاربر گرامی, حساب کاربری شما به دلیل نقض قوانین معلق شده است. برای احراز هویت همین حالا اقدام کنید.",1,spammodel-phishing
spm-0327,عزیز، کارت بانکی شما مسدود شده است. در غیر این صورت مسدود خواهد شد. از طریق درگاه زیر پرداخت کنید.,1,spammodel-extra-spam
spm-0328,هموطن عزیز، پرونده مالیاتی شما نیاز به بازبینی دارد. کد ارسال‌شده را برای ما بفرستید.,1,spammodel-extra-spam
spm-0329,"man 10 dighe mirsam,",0,spammodel-finglish-ham
spm-0330,محسن چاوشی از امیر بی گزند می گوید شیدایی چنگیز پریشان امیر بی گزند متصل ارسال کد پیشوازبه قیمت تومان شماره گیری کدآهنگ به آهنگ مورد علاقه ات گوش کن و نصب کن,1,spammodel-sms-spam
spm-0331,حساب شما برای دریافت ۱۰۰ میلیون ریال شدید! برای دریافت جایزه کد ارسال‌شده را برای ما بفرستید. فرصت محدود است,1,spammodel-extra-spam
spm-0332,🎉 وام فوری با کارت ملی ✅ فقط با یک کلیک همین حالا,1,spammodel-similar-spam
spm-0333,خبر خوش! شما برنده گوشی هوشمند شدید. فرم دریافت را تکمیل کنید.,1,spammodel-similar-spam
spm-0334,یک سال اینترنت شاتل گیگابایت نصب تومان تلفن,1,spammodel-sms-spam
spm-0335,"از طرف واحد اداری, یک سند مهم در Google Drive با شما به اشتراک گذاشته شده. برای مشاهده سند, وارد حساب خود شوید.",1,spammodel-phishing
spm-0336,با سلام، یک تخفیف شخصی‌سازی‌شده بر اساس خریدهای قبلی شما آماده شده است. تا ۲۴ ساعت آینده فرصت استفاده دارید.,1,spammodel-formal-scam
spm-0337,سینماتیکت سینما گالری سمرقند نگار,1,spammodel-sms-spam
spm-0338,شانس در خونتو زده سال سال توئه هدیه ویژه خودرو سانتافه ثبت نام درقرعه کشی با ارسال و عضویت در اپلیکیشن سانازسانیا روزی تومن,1,spammodel-sms-spam
spm-0339,تعداد محدود شما فقط یک عدد تا شانس بردن پژو فاصله دارید ثبت با ارسال درجشنواره ویترین تومن,1,spammodel-sms-spam
spm-0340,"کاربر گرامی, اکانت شما به دلیل تلاش برای ورود از دستگاه ناشناس به زودی مسدود می‌شود. برای احراز هویت همین حالا اقدام کنید.",1,spammodel-phishing
spm-0341,بیا و از امروز روزت رو تغییر بده و با صدای حامد فقیهی به استقبال بهار برو خنده حافظ,1,spammodel-sms-spam
spm-0342,مشترک گرامی به شماره به مناسبت نوروز در سامانه ثبت آگهی سرویس اول به تعداد های شماره سیمکارت خود شارژ تومانی دریافت نمایید با توجه به اینکه شماره خط شما دارای سه رقم می باشد شما برنده شارژ تومانی رایگان شدید برای دریافت شارژهای رایگان خط خود را به بفرستید,1,spammodel-sms-spam
spm-0343,ثبت انواع ازدواج شرعی و قانونی در دفتر ازدواج,1,spammodel-sms-spam
spm-0344,کاربر محترم، سفته شما غیرفعال شده است. مبلغ ۵۰۰ هزار تومان را واریز کنید.,1,spammodel-extra-spam
spm-0345,"ارثیه‌ای معادل ۵ میلیون یورو از یک خویشاوند دور به شما رسیده. برای تکمیل مراحل انتقال, اطلاعات حساب خود را بفرستید.",1,spammodel-phishing
spm-0346,In hafte kheili saram sholooghe bood,0,spammodel-finglish-ham
spm-0347,🎁 وام فوری بدون چک 🔥 فقط با شماره تماس همین حالا,1,spammodel-similar-spam
spm-0348,"همکار گرامی, شرکت ما به دنبال نیروی دورکار است. پرداخت هفتگی تضمینی. برای شروع, با آیدی زیر در ارتباط باشید.",1,spammodel-phishing
spm-0349,⚡ وام فوری با کارت ملی ⏰ فقط با شماره تماس همین حالا,1,spammodel-similar-spam
spm-0350,"سازمان محترم, با سلام. آمازون اخیراً قوانین جدیدی برای حریم خصوصی وضع کرده. برای ادامه استفاده از خدمات, حساب خود را به‌روزرسانی کنید.",1,spammodel-phishing
spm-0351,"salam aghaye mina, gozaresh ro ferestadam",0,spammodel-finglish-ham
spm-0352,اللهم صل علی محمد وآل محمد آشنایی با آثار معنوی و معجزات صلوات در زندگی سرویس معجزات صلوات عضویت ارسال,1,spammodel-sms-spam
spm-0353,گرامی، سهام عدالت شما به پایان رسیده است. در غیر این صورت مسدود خواهد شد. رمز پویای خود را ارسال نمایید.,1,spammodel-extra-spam
spm-0354,"کاربر گرامی, با سلام. اسنپ اخیراً شرایط استفاده را به‌روز کرده. برای ادامه استفاده از خدمات, تاییدیه خود را ثبت کنید.",1,spammodel-phishing
spm-0355,"این پیام تأیید خرید ساعت هوشمند به مبلغ 86 میلیون تومان از فروشگاه گوگل است. اگر این خرید توسط شما انجام نشده, برای لغو روی لینک زیر کلیک کنید.",1,spammodel-phishing
spm-0356,درگاهی برای آشنایی بااپلیکیشنهای محبوب ایرانسل تنهابا شماره گیری,1,spammodel-sms-spam
spm-0357,خدمتی جدید ویژه اعضای باشگاه متخصصان کشور خدمات ارزی مسافرتی و حوالجات با پایین ترین نرخ تحویل درب منزل,1,spammodel-sms-spam
spm-0358,"کاربر گرامی, حساب شما در تلگرام به دلیل نقض قوانین در معرض حذف است. برای رفع انسداد اطلاعات خود را تایید کنید.",1,spammodel-phishing
spm-0359,مبلغ ۵ میلیون تومان به عنوان اعتبار هدیه برای حساب شما ثبت شده است. در صورت تکمیل نکردن اطلاعات، دسترسی شما محدود می‌شود. برای تکمیل مراحل، اطلاعات موردنیاز را ارسال نمایید.,1,spammodel-formal-scam
spm-0360,"این پیام تأیید خرید ساعت هوشمند به مبلغ 20 میلیون تومان از فروشگاه لینکدین است. اگر این خرید توسط شما انجام نشده, برای لغو همین حالا اقدام کنید.",1,spammodel-phishing
spm-0361,با سلام، یک بسته خدماتی با قیمت بسیار پایین‌تر از حالت عادی برای شما فعال شده است. این پیشنهاد تنها تا پایان این ماه معتبر است.,1,spammodel-formal-scam
spm-0362,"Salam, khobi? che khabara?",0,spammodel-finglish-ham
spm-0363,مشتری عزیز، سفارش شما به دلیل تکمیل نشدن اطلاعات گیرنده در انتظار ارسال است. آدرس و شماره تماس خود را تکمیل کنید.,1,spammodel-formal-scam
spm-0364,مشترک گرامی، اعتبار خرید تا سقف مبلغ قابل توجهی برای حساب شما فعال شده است. برای جلوگیری از لغو، مراحل را تا پایان هفته تکمیل نمایید. برای فعال‌سازی، مشخصات خود را تکمیل کنید.,1,spammodel-formal-scam
spm-0365,با یک تراکنش و فعالسازی باشگاه انارستان تومان اعتبار شارژ و اینترنت هدیه به شما اهدا می شود شروع با ارسال به,1,spammodel-sms-spam
spm-0366,حساب شما برای دریافت ۲۰ میلیون تومان شدید! برای دریافت هدیه کد ارسال‌شده را برای ما بفرستید. فرصت محدود است bit.ly/3xkLm,1,spammodel-extra-spam
spm-0367,تبریک! شما یک خودرو شدید! برای دریافت جایزه فرم پیوست را تکمیل کنید. تا ۱۲ ساعت آینده معتبر است click.pay-ir.tk,1,spammodel-extra-spam
spm-0368,"کاربر گرامی, حساب شما در دیجی‌کالا به دلیل فعالیت مشکوک در معرض حذف است. برای رفع انسداد روی لینک زیر بزنید.",1,spammodel-phishing
spm-0369,کنسرت بهنام بانی تمدیدشد و شهریور آوای فروهر,1,spammodel-sms-spam
spm-0370,استشمام عطر عید فطر از پنجره ملکوتی رمضان گوارای وجودتان سپاهان باطری,1,spammodel-sms-spam
spm-0371,اخرین مهلت ثبت نام کارشناسی ارشد فراگیر پیام نور تابستان,1,spammodel-sms-spam
spm-0372,karet ok shod? gofti emrooz mifresti,0,spammodel-finglish-ham
spm-0373,دیدار سهیل با همسر سابق گیسو مهناز افشار در سریال عاشقانه,1,spammodel-sms-spam
spm-0374,بانک ملت بیمه ما با پرداخت فقط قسط میلیون دریافت کنید مشاوره عدد,1,spammodel-sms-spam
spm-0375,برای شما یک هدیه نقدی به ارزش ۵ میلیون تومان در نظر گرفته شده است. در غیر این صورت، این امتیاز به‌صورت خودکار باطل می‌شود. جهت انتقال این مبلغ، اطلاعات حساب خود را به‌روزرسانی کنید.,1,spammodel-formal-scam
