text,video_title,video_id,likes
🤨🤨🤨🤨🤨🤐از چنگال عدالت خداوند ، هیچ راه گریزی نیست . 😉😉😉😉😉🤭🤗🤗😊😊😊,لحظه حذف ایران از جام جهانی گریه بازیکنان در کمپ تیم ملی🔻شوک,uRgG9EdrKaY,0
سناریو تکراری حق,لحظه حذف ایران از جام جهانی گریه بازیکنان در کمپ تیم ملی🔻شوک,uRgG9EdrKaY,1
نیوزیلند رو نتونستن شکست بدن بعد میثاقی به گل خوردن تیم الجزایر در دقیقه آخر به هدف رو در رو نشدن با اسپانیا در دور بعد میگه تبانی! میثاقی ابله، تیم الجزایر اصلا به تیم تو فکر هم نمیکرده، اونها فقط به این فکر میکردن که باید بازی مساوی تموم بشه تا هم صعود کنیم هم به اسپانیا نخوریم؛ نه اینکه باید مساوی کنیم تا تیم ایران صعود نکنه.,لحظه حذف ایران از جام جهانی گریه بازیکنان در کمپ تیم ملی🔻شوک,uRgG9EdrKaY,8
آقای محترم خرج فوتبال ایران نمیشه,لحظه حذف ایران از جام جهانی گریه بازیکنان در کمپ تیم ملی🔻شوک,uRgG9EdrKaY,0
زاررررررررررررت،،،.,لحظه حذف ایران از جام جهانی گریه بازیکنان در کمپ تیم ملی🔻شوک,uRgG9EdrKaY,3
آغای میثاقی تو که جرات نداری از قلعه نویی انتقاد کنی چرا از بازیمون مقابل نیوزلند نتونستی آشکار انتقاد کنی؟ چرا از بازیمون مقابل مصر نمیگی که بازیکنانمون یه جوری بازی میکردن که انگار تیم ما با سه امتیاز صعود میکنیم,لحظه حذف ایران از جام جهانی گریه بازیکنان در کمپ تیم ملی🔻شوک,uRgG9EdrKaY,2
طارمی توبازی باازبکستان میگف من پنالتی هاموزدم من دیگه کارموبلدم جوونابایدیادبگیرن.....حالادیدی آقای طارمی که کی بایدیادبگیره؟😢,لحظه حذف ایران از جام جهانی گریه بازیکنان در کمپ تیم ملی🔻شوک,uRgG9EdrKaY,0
ای که خودتو مجری می‌دونی می‌دونی برای چی سقوط کرد ایران چون دل مردمو شکستید شما,لحظه حذف ایران از جام جهانی گریه بازیکنان در کمپ تیم ملی🔻شوک,uRgG9EdrKaY,0
وخداوند در کمینگاه ستمکاران است ❤❤❤,لحظه حذف ایران از جام جهانی گریه بازیکنان در کمپ تیم ملی🔻شوک,uRgG9EdrKaY,5
اگر. غیرت. داشتند. باید. خون. گریه. میکردند. سه. بازی. چهار. گل. پنالتی. ...... خاک. توی. سر. کادر. فنی. باید. رید. سر در. فدارسیون فوتبال. ❤,لحظه حذف ایران از جام جهانی گریه بازیکنان در کمپ تیم ملی🔻شوک,uRgG9EdrKaY,0
🤣🤣🤣🤣ارزش سهام رولکس (ساعت قلعه چوسی ) ب چوس دلار رسید 🤣🤣🤣🤣 هان چی شد اُزگل 🤣🤣🤣🤣,لحظه حذف ایران از جام جهانی گریه بازیکنان در کمپ تیم ملی🔻شوک,uRgG9EdrKaY,0
خدارو شکر ک تیم جمهوری اسلامی حذف شد,لحظه حذف ایران از جام جهانی گریه بازیکنان در کمپ تیم ملی🔻شوک,uRgG9EdrKaY,0
نوش جونشون. عاقبت خوش رقصیتون برای نظام میشه اینکه هیچکس تف تو صورتتون نمیندازه. مقایسه بکنید با جوانان رعنا و غیور والیبال که اتفاقا تو همین ادوار بازی دارن,لحظه حذف ایران از جام جهانی گریه بازیکنان در کمپ تیم ملی🔻شوک,uRgG9EdrKaY,7
نفرین مردم دنبالشون مگه میشه 50 هزارنفر کشته بشوند شما تو دلار غرق بشوید کارما هست,لحظه حذف ایران از جام جهانی گریه بازیکنان در کمپ تیم ملی🔻شوک,uRgG9EdrKaY,7
خوب شد حذف شدن برگشتن ایران,لحظه حذف ایران از جام جهانی گریه بازیکنان در کمپ تیم ملی🔻شوک,uRgG9EdrKaY,0
دست انتقام طبیعت و نارضایتی یک ملت و نجاست حکومت کثیف و نحس حکومت اسلامی به خاطره رفتارها و اعمال کثیفش.,لحظه حذف ایران از جام جهانی گریه بازیکنان در کمپ تیم ملی🔻شوک,uRgG9EdrKaY,1
تیمی که اینهمه انرژی منفی پشتش بود لیاقت صعود داره؟!!!! هنوز بوی خون از روی آسفالت خایابون های شهرها به مشام میرسه!!!! راستی اونا چقدر خوبن 😂😂😂😂😅😅😅,لحظه حذف ایران از جام جهانی گریه بازیکنان در کمپ تیم ملی🔻شوک,uRgG9EdrKaY,3
یاد آنزمانی بخیر که جنگها با شمشیر بود نه با VAR,لحظه حذف ایران از جام جهانی گریه بازیکنان در کمپ تیم ملی🔻شوک,uRgG9EdrKaY,1
داور مصری ها خریدن برا نیمه دوم گل ما رو مردود کرد,لحظه حذف ایران از جام جهانی گریه بازیکنان در کمپ تیم ملی🔻شوک,uRgG9EdrKaY,3
تا وقتی اون طارمی هست باید گریه کنیم در باشگاههای دیگه اسطوره ولی درتیم ملی یه خر اون چه پنالتی زدنی بود انگار داشت بابچه کوچک توپ بازی میکرد صددر صد یه کله گنده پشتش چون هرکی بود باافتخار تلویزیون نشون نمیاد مرده ریده توی پنالتی افتخار داره,لحظه حذف ایران از جام جهانی گریه بازیکنان در کمپ تیم ملی🔻شوک,uRgG9EdrKaY,0
باختن حقشون بود,لحظه حذف ایران از جام جهانی گریه بازیکنان در کمپ تیم ملی🔻شوک,uRgG9EdrKaY,5
کاسه آب سرد وخفتی بهتر ازاین نمیشه,لحظه حذف ایران از جام جهانی گریه بازیکنان در کمپ تیم ملی🔻شوک,uRgG9EdrKaY,0
مربی‌های خارجی بهتر بودن,لحظه حذف ایران از جام جهانی گریه بازیکنان در کمپ تیم ملی🔻شوک,uRgG9EdrKaY,1
دلمون خنک شد....شما از موشعلی ضحاک دفاع میکنید اینم حقتون 😂,لحظه حذف ایران از جام جهانی گریه بازیکنان در کمپ تیم ملی🔻شوک,uRgG9EdrKaY,4
احمق هایی که پنالتی را خراب میکنند، مغانلو ابله را وارد زمین میکنند و با تعویض مغانلو آشغال، تیم را ده نفره میکنند، بعد برای صعود نکردن خودشان گریه می‌کنند,لحظه حذف ایران از جام جهانی گریه بازیکنان در کمپ تیم ملی🔻شوک,uRgG9EdrKaY,4
به والله قسم اگر امثال قلعه نوعی معرور نباشن واز شکستها درس بگیرن الان پنج امتیازی بودیم وداشتیم شادی میکردیم.ما ایرانیها همدیگر رو قبول نداریم مخصوصا اگر سمت ومنسبی داشته باشیم...,لحظه حذف ایران از جام جهانی گریه بازیکنان در کمپ تیم ملی🔻شوک,uRgG9EdrKaY,1
چرا بقیه رو نشون ندادن وقتی گل سوم خورد چکار کردن چقدعجیب تواوج شادی گریه کنی,لحظه حذف ایران از جام جهانی گریه بازیکنان در کمپ تیم ملی🔻شوک,uRgG9EdrKaY,1
برجردی زنده باشی بسیار عالی بحث می کند,پرگار: تیم ملی ایران یا تیم جمهوری اسلامی؟,1RhjcTwSJC8,4
صحبت‌های آقای بروجردی بسیار سنجیده است! کار درست توی این شرایط یک ویژگی مهم دارد: اینکه تهش به نفع مردم ایران است یا به ضررشان. تکه‌تکه شدن جامعه شاید مطلوب نتانیاهو باشد، اما به نظر من مطلوب من و مردم من و جامعهٔ من نیست!,پرگار: تیم ملی ایران یا تیم جمهوری اسلامی؟,1RhjcTwSJC8,6
افرین اقای بروجردی که واقع بین هست,پرگار: تیم ملی ایران یا تیم جمهوری اسلامی؟,1RhjcTwSJC8,2
چرا از دو فوتبالیست مثل بهرام مودت که یک دیدگاه سیاسی دارد و یک آزادیخواه هست رو دعوت ‌نمیکنید؟,پرگار: تیم ملی ایران یا تیم جمهوری اسلامی؟,1RhjcTwSJC8,8
موضوع برنامه عالی بود 👍👍👍,پرگار: تیم ملی ایران یا تیم جمهوری اسلامی؟,1RhjcTwSJC8,3
برنامه خیلی جذابی بود - خسته نباشید.,پرگار: تیم ملی ایران یا تیم جمهوری اسلامی؟,1RhjcTwSJC8,1
ممنون از برنامه خوب شما,پرگار: تیم ملی ایران یا تیم جمهوری اسلامی؟,1RhjcTwSJC8,2
این کارها یعنی تفریقه اندازی در میان ملتها.,پرگار: تیم ملی ایران یا تیم جمهوری اسلامی؟,1RhjcTwSJC8,0
درود شمس❤❤❤❤,پرگار: تیم ملی ایران یا تیم جمهوری اسلامی؟,1RhjcTwSJC8,0
به کمک رسانه اسقاتیلی و فضای مجازی حس مالکیت رو از ما سلب کردند تا راحت تر تجزیه کنند. از تیم ملی تا صنایع و زیرساخت ها تا زبان رسمی فارسی ... همه را بدیم بره؟ زهی خیال باطل,پرگار: تیم ملی ایران یا تیم جمهوری اسلامی؟,1RhjcTwSJC8,12
درود بر دکتر بروجردی...❤,پرگار: تیم ملی ایران یا تیم جمهوری اسلامی؟,1RhjcTwSJC8,3
"مردم ایران تا زمانی که جناح سیاسی این ها رو کار نیاد حق ندارن کوچکترین نشانه ای از ملت بودن رو تجربه کنند. پل رو در جنگ میزنند اشکالی نداره, پتروشیمی رو میزنند اشکالی نداره, به تیم ملی ایران ظلم میشه اشکالی نداره. این تیم بیشتر از هر وقتی تیم ملی ماست, کور شهر هر آنکه نتواند دید",پرگار: تیم ملی ایران یا تیم جمهوری اسلامی؟,1RhjcTwSJC8,5
ببخشید جناب شمس که عمری باقی نخواهد بود تا تیم‌ملی با استاندارد شما ظهور کنه و ما بااجازه شما شروع کنیم فوتبال دیدن.,پرگار: تیم ملی ایران یا تیم جمهوری اسلامی؟,1RhjcTwSJC8,3
هر دو رویکرد موجه است این تیم ملی ماست و ما می‌توانیم آن را نخواهیم ایران آنقدر بزرگ هست که وابسته به یک تیم بازی فوتبال نباشد. نور بر تاریکی پیروز است ✌️💙,پرگار: تیم ملی ایران یا تیم جمهوری اسلامی؟,1RhjcTwSJC8,0
آفرین به آقای بروجردی!,پرگار: تیم ملی ایران یا تیم جمهوری اسلامی؟,1RhjcTwSJC8,23
فرصت به دکتر بروجردی کمتر داده شد. ممنون از ایشون برای تحلیل,پرگار: تیم ملی ایران یا تیم جمهوری اسلامی؟,1RhjcTwSJC8,1
این یارو ریشو خیلی تو هپروته,پرگار: تیم ملی ایران یا تیم جمهوری اسلامی؟,1RhjcTwSJC8,21
از نگرانی بی بی سی بابت مسئله امر ملی خیلی ممنونیم😂😂,پرگار: تیم ملی ایران یا تیم جمهوری اسلامی؟,1RhjcTwSJC8,10
اقاي شمس جرا فكر ميكنيد اين تيم از سال٨٨ ضد ملي شد قتل عام هاي قبل از اين تاريخ شامل نميشود,پرگار: تیم ملی ایران یا تیم جمهوری اسلامی؟,1RhjcTwSJC8,2
52:42 الان این نظرات متفاوت بود؟,پرگار: تیم ملی ایران یا تیم جمهوری اسلامی؟,1RhjcTwSJC8,0
تیم ملی برای مردم هست تا وقتی ضد مردمی نباشه,پرگار: تیم ملی ایران یا تیم جمهوری اسلامی؟,1RhjcTwSJC8,1
خوبی کامنت های زیر ویدئوهای بی بی سی اینه که می فهمیم کسایی که این شبکه رو دنبال می کنند در یک دنیای موازی زندگی می کنند.,پرگار: تیم ملی ایران یا تیم جمهوری اسلامی؟,1RhjcTwSJC8,0
چیزی وجود داره به نام خرد جمعی. بر همین اساس انتخابات سیاسی وجود داره که هر قشری شرکت می‌کنند. درست یا غلط، بسیاری از مردم این تیم رو ملی نمیدونن.,پرگار: تیم ملی ایران یا تیم جمهوری اسلامی؟,1RhjcTwSJC8,1
زنده باد تیم ملی ایران,پرگار: تیم ملی ایران یا تیم جمهوری اسلامی؟,1RhjcTwSJC8,2
اپوزیسیون بجای اینکه آغوشش را باز کنه و همه را زیر چترش بگیره، فکر میکنه به حاکمیت رسیده و برای اینکه سهمش از سفره زیاد بشه، داره هر طیفی از مردم را به هر بهانه ای از کنار سفره دور میکنه.,پرگار: تیم ملی ایران یا تیم جمهوری اسلامی؟,1RhjcTwSJC8,46
جناب شمس، شما می‌فرمایید «همه پرسی»، اما به طور ضمنی فرض دارید میکنید که نتیجه ی همه پرسی فرضی شما همونی هست که شما دوست دارید باشه، آیا شما رفتید همه پرسی کردید و همه یا اکثریت گفتن ما این تیم رو ملی نمی‌دونیم و نه تنها ازش حمایت نمی‌کنیم بلکه عدم حمایتمون رو نشون میدیم؟,پرگار: تیم ملی ایران یا تیم جمهوری اسلامی؟,1RhjcTwSJC8,1
حیف از دکتر بروجردی که در مقابل آقای شمس بنشیند - حکومتها می آیند و میروند ولی ملت ها و جنبه های مختلف فرهنگ آنان می مانند,پرگار: تیم ملی ایران یا تیم جمهوری اسلامی؟,1RhjcTwSJC8,3
بحث خوبی بود. مهمانانی دعوت کنید که سواد آکادمیک بالایی داشته باشند.,پرگار: تیم ملی ایران یا تیم جمهوری اسلامی؟,1RhjcTwSJC8,0
بروجردی هم از نوع ملی گرایان ۱۲ روزه است,پرگار: تیم ملی ایران یا تیم جمهوری اسلامی؟,1RhjcTwSJC8,0
تیم ملی مال مردم نیست، ساختمان صداسیما مال مردم نیست، صنعت فولاد مال مردم نیست، هسته ای مال مردم نیست، جزیره خارک مال مردم نیست... مالکیت رو از ما سلب میکنید که خودمون را از هستی ساقط کنیم، به کمک عده ای بی شعور,پرگار: تیم ملی ایران یا تیم جمهوری اسلامی؟,1RhjcTwSJC8,27
یکی از مشکلات ما ایرانیها اینه که علیرغم غنا وقدمت فرهنگی در بحث های نخبگانی متوسل به نظرات متفکرین غیر ایرانی میشویم که لزوما این همانی نیست,پرگار: تیم ملی ایران یا تیم جمهوری اسلامی؟,1RhjcTwSJC8,0
دعوت از یک جنگ‌طلب برای تعریف تیم ملی اصلا معنی نمی دهد,پرگار: تیم ملی ایران یا تیم جمهوری اسلامی؟,1RhjcTwSJC8,9
جناب کریمی لطفا درمورد خط کشی‌های حکومت آخوندی درمورد تعریف واژه ملت هم برنامه بسازید. اینکه خط کشی های سیاسی اجتماعی در این حکومت ها ایا بازتاب واقعیت درون جامعه است یا خیر. سپاس ❤❤,پرگار: تیم ملی ایران یا تیم جمهوری اسلامی؟,1RhjcTwSJC8,0
هم دلی از هم زبانی خوش‌تر است,پرگار: تیم ملی ایران یا تیم جمهوری اسلامی؟,1RhjcTwSJC8,0
ااین آقای شمس از دور برای جامعه ایرانی تحلیل می‌سازد که با واقعیت های صحنه کاملن متفاوت است با تحلیلی از رنان. اگر زبا ن و مذهب اشتراک نمی‌آورد !,پرگار: تیم ملی ایران یا تیم جمهوری اسلامی؟,1RhjcTwSJC8,0
بیش از ۵ کامنت افشاگری من در مورد بی بی سی پاک و شادو بن شد.,پرگار: تیم ملی ایران یا تیم جمهوری اسلامی؟,1RhjcTwSJC8,1
کاشکی تیم فوتبال که از کشته شدن مدرسه میناب یاد می‌کند و به قول کریمی دفاع می‌کند، از کشته های دی ماه که بیش از ۴۰۰۰۰ نفر بودند، یاد نمیکند؟,پرگار: تیم ملی ایران یا تیم جمهوری اسلامی؟,1RhjcTwSJC8,0
قهرمانان ورزشی تیم ملی نور چشم ملت ایران هستند دعای یک ملت پشت سرشان است همه مردم دوست‌شان دارند حرف های هیچ مذدوری برای ملت ایران اهمیتی ندارد. هدیه کوچکی تقدیم تیم ملی ایران🎉🎉🎉🎉❤❤,پرگار: تیم ملی ایران یا تیم جمهوری اسلامی؟,1RhjcTwSJC8,26
جناب بروجردی آفرین به بهترین شکل بیان کردید سپاس برای آینده ایرانی آزاد و آباد بخاطر تنفر از رژیم نباید از ایران تنفر داشت,پرگار: تیم ملی ایران یا تیم جمهوری اسلامی؟,1RhjcTwSJC8,22
از کوزه همان تراود که در اوست رضا پهلوی وسلطنت طلبان ساواکی‌ها آبروی وحیثیت مردم ایران را در خارج طی این چند سال بحراج گذاشتند اینها با فحاشی‌های جنسی فهمی از اخلاق وانسانیت ندارند می‌توان موافق بود یا مخالف یا بی‌طرف بود باید اول انسان بود که این لاتهای فحاش سلطنت طلب نیستند,پرگار: تیم ملی ایران یا تیم جمهوری اسلامی؟,1RhjcTwSJC8,30
هر چند من با تحلیل آقای بروجردی در مورد ملیت کاملا موافقم، اما کلمه خیالی را نامناسب میدانم و بجای آن انگاشته و یا فرضی را پیشنهاد میکنم. هرچند این کلمات مترادفند، اما خیال به صورت مستقیم بار اشتباه دارد، در صورتی که انگاشته و یا فرضی بار بی‌طرف تا مثبت داردند,پرگار: تیم ملی ایران یا تیم جمهوری اسلامی؟,1RhjcTwSJC8,0
اگر تیم ملی برای مردم بود باید رئس فدراسیون از یه فوتبالیست مثل علی دایی دعوت میشد نه یه سپاهی مثل تاج بشه رئیس فدراسیون ؛ سردار ازمون فقط بخاطر طرف مردم بودن از تیم ملی حذف شد امیدوارم دو بازی باقی مونده تیم به اصطلاح ملی سوراخ سوراخ بشه,پرگار: تیم ملی ایران یا تیم جمهوری اسلامی؟,1RhjcTwSJC8,4
بسیار برنامه های پرگارو دوست دارم و هر هفته دنبال میکنم و ذهن بازنگری دوباره مرا تقدیت میکند موفق و پوپا باشید ممنون,پرگار: تیم ملی ایران یا تیم جمهوری اسلامی؟,1RhjcTwSJC8,4
پرداختن به این مسئله اشتباه و امری منافقانه است و بس ایجاد شک و تردید در مورد امری بدیع اشتباه است,پرگار: تیم ملی ایران یا تیم جمهوری اسلامی؟,1RhjcTwSJC8,1
حق برنامه پرگار هست که ساعتها به طول بکشه,پرگار: تیم ملی ایران یا تیم جمهوری اسلامی؟,1RhjcTwSJC8,0
تیم ملی متعلق به مردم ایران است همانطور که همه چیز ایران مال مردم است. برد تیم ملی برد مردم ابران است. کودکان، نو جوانان، و دیگران از بازی و برد تیم ملی لذت میبرند. چرا کسانی بخود حق می‌دهند که حق دیگران را بگیرند. افراد سیاسی بروند و‌عقاید خودشان را جای دیگر ثابت کنند. به مردم معمولی چکار دارند؟,پرگار: تیم ملی ایران یا تیم جمهوری اسلامی؟,1RhjcTwSJC8,0
دقیقا اقایی بروجردی. دورست می گویند یه بازیکن فوتبال سال‌های زیادی زحمت می کشه تا فوتبالیست بشود حالا چون یه عده ای از دولت ناراضی هستند اون بازیکن چکار هست این وسط,پرگار: تیم ملی ایران یا تیم جمهوری اسلامی؟,1RhjcTwSJC8,0
از نظر من تیم ملی نه مال ملت ایران هست نه جمهوری اسلامی وقتی تيم ملي میشه یوزهای پارسی من دیگه هیچ تعصبی به این تیم ندارم اگر یوزهای ایرانی بودند می‌شد ملی,پرگار: تیم ملی ایران یا تیم جمهوری اسلامی؟,1RhjcTwSJC8,0
آرزوی موفقیت ای ایران عزیز ❤🎉🎉,تیم ملی ایران برای نخستین بازی جام جهانی راهی لس‌آنجلس شد,D9VcJqjfpiU,1
تیم آخوندا !,تیم ملی ایران برای نخستین بازی جام جهانی راهی لس‌آنجلس شد,D9VcJqjfpiU,20
شما تیم ملی ما نیستید، تیم ملی ما دی ماه در خیابان بودند,تیم ملی ایران برای نخستین بازی جام جهانی راهی لس‌آنجلس شد,D9VcJqjfpiU,25
برای یک مشت دلار به هم تیمی شون سردار آزمون پشت کردن…,تیم ملی ایران برای نخستین بازی جام جهانی راهی لس‌آنجلس شد,D9VcJqjfpiU,19
این تیم ملی ،ایران نیست,تیم ملی ایران برای نخستین بازی جام جهانی راهی لس‌آنجلس شد,D9VcJqjfpiU,17
جاوید شاه از جنوب ایران ✌🏾✌🏾💚❤️,تیم ملی ایران برای نخستین بازی جام جهانی راهی لس‌آنجلس شد,D9VcJqjfpiU,15
تیم ملا راهی لس انجلس شد,تیم ملی ایران برای نخستین بازی جام جهانی راهی لس‌آنجلس شد,D9VcJqjfpiU,0
آب و بریز همونجا ک میسوزه😂,تیم ملی ایران برای نخستین بازی جام جهانی راهی لس‌آنجلس شد,D9VcJqjfpiU,0
دین توجیه تبعیض و خشونت,تیم ملی ایران برای نخستین بازی جام جهانی راهی لس‌آنجلس شد,D9VcJqjfpiU,8
تیم ملی نیم ساعت هم توی فرودگاه نبود 😂😂😂😂,تیم ملی ایران برای نخستین بازی جام جهانی راهی لس‌آنجلس شد,D9VcJqjfpiU,0
جاوید شاه💚🤍♥️✌️👏🙏💐💐💐,تیم ملی ایران برای نخستین بازی جام جهانی راهی لس‌آنجلس شد,D9VcJqjfpiU,4
چقدر خار شدن حقتونه😂😂😂😂,تیم ملی ایران برای نخستین بازی جام جهانی راهی لس‌آنجلس شد,D9VcJqjfpiU,1
ننگ بر تبم ملا,تیم ملی ایران برای نخستین بازی جام جهانی راهی لس‌آنجلس شد,D9VcJqjfpiU,1
امیر قلعه نوعی قبل از بازی میگه با کمک اهل بیت میبریم,تیم ملی ایران برای نخستین بازی جام جهانی راهی لس‌آنجلس شد,D9VcJqjfpiU,0
این تیم ملی ما نیست، نه رفتارشون، نه اخلاقشون، نه مربی ومقامات بازاریشون، نه چهره و ظاهرشون با اون ورریش مسخره ، نه .... به ما ایرانی ها برنمی گرده.,تیم ملی ایران برای نخستین بازی جام جهانی راهی لس‌آنجلس شد,D9VcJqjfpiU,2
به تیم‌ ملا دستور دادن دست تکون بدید و خودتونو تو دل برو نشون بدید 😂😂😂😂😂😂😂 ولی خیلی خنده داره,تیم ملی ایران برای نخستین بازی جام جهانی راهی لس‌آنجلس شد,D9VcJqjfpiU,1
حسین اتوبوسی رفت داخل اتوبوس😅,تیم ملی ایران برای نخستین بازی جام جهانی راهی لس‌آنجلس شد,D9VcJqjfpiU,1
خاک تو سرشون تو خاک دشمن بازی می‌کنند,تیم ملی ایران برای نخستین بازی جام جهانی راهی لس‌آنجلس شد,D9VcJqjfpiU,7
آقا بی خیال تیم ملی شید اگه براشون آرزوی شکست کنید اتفاقی می افته؟نه پس ولشون کنین بذارین حال خودشون باشن,تیم ملی ایران برای نخستین بازی جام جهانی راهی لس‌آنجلس شد,D9VcJqjfpiU,1
به امید پیروزی تیم ملی فوتبال ایران قهرمان جام جهانی فوتبال 💛🇮🇷💛🇮🇷💚🇮🇷💙,تیم ملی ایران برای نخستین بازی جام جهانی راهی لس‌آنجلس شد,D9VcJqjfpiU,5
اگر رژیم هم عوض بشه این بازیکن ها قراره دوباره بازیکن تیم ملی ما باشن هر برد و صعود از گروه باعث میشه اسم ایران جاودان باشه,تیم ملی ایران برای نخستین بازی جام جهانی راهی لس‌آنجلس شد,D9VcJqjfpiU,0
آرزوی موفقیت برای تیم ملی فوتبال ایران ❤🇮🇷❤,تیم ملی ایران برای نخستین بازی جام جهانی راهی لس‌آنجلس شد,D9VcJqjfpiU,3
آقا جمهوری اسلامی رو نابود کنید اما تاریخ ایران و تاریخ فوتبال ایران رو نه علی دایی و .... اسطوره های ما هستن,تیم ملی ایران برای نخستین بازی جام جهانی راهی لس‌آنجلس شد,D9VcJqjfpiU,0
اقای محدث داور سومالایی و بازیکن عراقی را به امریکا راه ندادند تقصیر ایرانیان مخالف ج ا بود؟ ، مسایل امنیتی بدلیل تروریست بودن تیم ملی ج ا هست، چرا شما همه چی را با هم قاطی میکنید,تیم ملی ایران برای نخستین بازی جام جهانی راهی لس‌آنجلس شد,D9VcJqjfpiU,2
جاوید شاه نجف,تیم ملی ایران برای نخستین بازی جام جهانی راهی لس‌آنجلس شد,D9VcJqjfpiU,0
چطوری میخواهید بازی کنید وقتی لباسهاتون بوی خون میده😢😢😢😢,تیم ملی ایران برای نخستین بازی جام جهانی راهی لس‌آنجلس شد,D9VcJqjfpiU,0
درود.....ازین موش بازیا و اذیت کردن تیم ملی اب براتون گرم نمیشه فکر بهتری کنین,تیم ملی ایران برای نخستین بازی جام جهانی راهی لس‌آنجلس شد,D9VcJqjfpiU,2
ایران ❤ بنی اسرائیل، قالیباف خبیث را از چند دهه پیش بالا کشید و منصب های بسیاری برایش تدارک دید و حفظش کرد تا او امروز، تسلیم نامه ایران در برابر نتانیاهو و ترامپ را امضاء الکترونیکی کند‼🔊,تیم ملی ایران برای نخستین بازی جام جهانی راهی لس‌آنجلس شد,D9VcJqjfpiU,1
خواهش می‌کنم تیتر برنامه را عوض بکنید. این تیم با چفیه بر گردن برای ج جهل و جنایت توپ میزند و تیم ملی ایران نیستند.,تیم ملی ایران برای نخستین بازی جام جهانی راهی لس‌آنجلس شد,D9VcJqjfpiU,5
چی شد ؟ حالا شد تیم ملی ایران؟؟؟ تا حالا تیم جمهوری اسلامی بود؟,تیم ملی ایران برای نخستین بازی جام جهانی راهی لس‌آنجلس شد,D9VcJqjfpiU,0
اقای محدث شما هم لطفا زیادی با Exitment شبیه نفیسه BBC گزازش نکن که ما ایرانی های اصیل هنوز عزادار 18و19 دیماه هستیم و مثل شما فراموش نکردیم.,تیم ملی ایران برای نخستین بازی جام جهانی راهی لس‌آنجلس شد,D9VcJqjfpiU,2
فردا کابوس بازیکُنان فوتبال ج ا راتا پایان بازی فرا خاهد گرفت. ۳ هیچ برای نیوزیلند آماتور. با باخت آینده به مصر بازگشت به ایران,تیم ملی ایران برای نخستین بازی جام جهانی راهی لس‌آنجلس شد,D9VcJqjfpiU,1
از موقعیت ها درست استفاده نکردیم ولی عالی بازی کردیم ( کمی روی دفاع باید کار کرد ),خلاصه دیدار پرسپولیس و استقلال - دربی ۱۰۷,Bp7Dst9igP0,8
هم تاتار هم سهراب. افرین❤❤❤جوانگرایی🎉🎉🎉,خلاصه دیدار پرسپولیس و استقلال - دربی ۱۰۷,Bp7Dst9igP0,6
عالی بودیم❤❤❤,خلاصه دیدار پرسپولیس و استقلال - دربی ۱۰۷,Bp7Dst9igP0,0
پرسپولیس خوب بازی کرد آحسنت به هردو تیم 💙💙💙💙💙💙💙💙💙💙💙💫💫,خلاصه دیدار پرسپولیس و استقلال - دربی ۱۰۷,Bp7Dst9igP0,2
عالی بچه ها❤❤❤❤❤❤❤,خلاصه دیدار پرسپولیس و استقلال - دربی ۱۰۷,Bp7Dst9igP0,1
یه زمانی لحظه شماری میکردم واسه دربی ولی الان یهو تو یوتیوب دیدم ک امروز بازی داشتن و خبر نداشتم یعنی دیگ مهم نیس,خلاصه دیدار پرسپولیس و استقلال - دربی ۱۰۷,Bp7Dst9igP0,7
چقد بازیکن های پرسپولیس بی دقتن عمری باید پاس میداد رو اون صحنه,خلاصه دیدار پرسپولیس و استقلال - دربی ۱۰۷,Bp7Dst9igP0,1
بعد گل دفاع شل کرد,خلاصه دیدار پرسپولیس و استقلال - دربی ۱۰۷,Bp7Dst9igP0,1
بيايد بدون تعصب قضاوت كنيم من استقلاليم استقلال تا دقيقه ٣٥ حرف واسه گفتن نداشت از دفيقه ٣٥ ببعد تازه يادشون اومد فوتباليست هستن بعد كمى بهتر از پرسپوليس بازى كرد در كل روهم بازى مساوى عادلانه بود,خلاصه دیدار پرسپولیس و استقلال - دربی ۱۰۷,Bp7Dst9igP0,1
یادش بخیر یه زمانی وقتمونو واسه دربی تلف میکردیم!!!! هی....,خلاصه دیدار پرسپولیس و استقلال - دربی ۱۰۷,Bp7Dst9igP0,0
استقلال خوب بود ولی یاد قوطی افتادم,خلاصه دیدار پرسپولیس و استقلال - دربی ۱۰۷,Bp7Dst9igP0,0
همه هافبکهای تیم در نیم ساعت آخر یا بیست دقیقه آخر کم میارند.کاملا از کارمیفتن .,خلاصه دیدار پرسپولیس و استقلال - دربی ۱۰۷,Bp7Dst9igP0,0
زارع بی نظیر ، کنعانی افتضاح یک ضربه محکم به توپ نمیزد همون ثانیه اول شوت زد گرفتن معلوم بود روزش نیست ، اگه نیمه دوم زوج ارونوف ، محمودی جای علیپور ، سرگیف بودن بهتر بود,خلاصه دیدار پرسپولیس و استقلال - دربی ۱۰۷,Bp7Dst9igP0,0
چرا ریتم بازی پرسپولیس بعد از ۳۰ ابتدایی هر دو نیمه به شدت افت میکنه و نگران کننده بازی میکنه,خلاصه دیدار پرسپولیس و استقلال - دربی ۱۰۷,Bp7Dst9igP0,0
علیکور تعویض نشد،محبی و بیفوما تعویض شدن. تارتارcore:,خلاصه دیدار پرسپولیس و استقلال - دربی ۱۰۷,Bp7Dst9igP0,0
آقایان پلاسیده به مربیان جوان اعماد کنید به بازیکنان جوان بها دهید من پرس پولیسی ۶۰ ساله هستم از یازده سالگی با ایم تیم زندگی کردم امروز برای هردوتیم خوشحال بودم زنده باد سهراب ومهدی تارتار ❤❤❤❤,خلاصه دیدار پرسپولیس و استقلال - دربی ۱۰۷,Bp7Dst9igP0,3
حسرت ۹ ساله😂,خلاصه دیدار پرسپولیس و استقلال - دربی ۱۰۷,Bp7Dst9igP0,3
تا وقتی..ارونوف.یاسین.سلمانی.عمری. جلالی.باشن.تیم هیچ وقت قهرمان نویش,خلاصه دیدار پرسپولیس و استقلال - دربی ۱۰۷,Bp7Dst9igP0,0
تاتار ، داره امیرحسین محمودی و محمدحسین صادقی که دوتا از با استعدادترین های آسیا در ۲۰ سال گذشته هستند نابود میکنه Free Palestine,خلاصه دیدار پرسپولیس و استقلال - دربی ۱۰۷,Bp7Dst9igP0,0
اصلا شوت ها دقیق نبود... حیف این موقعیتها,خلاصه دیدار پرسپولیس و استقلال - دربی ۱۰۷,Bp7Dst9igP0,0
آقای تارتار.در نیمه دوم هافبک ها رو تعویض کن..بازیکنان شما ۷۰ دقیقه ای هستن.بجز علیپور.کنعانی زادگان,خلاصه دیدار پرسپولیس و استقلال - دربی ۱۰۷,Bp7Dst9igP0,0
تو این ۲تا بازی آخر.عمری نگاه کنید..یاسین سلمانی یا ارونوف نگاه کنی.آقایون زورگی که نمیشه که..شماشاید قبلا خوب بودید.اما الان.با احترام.نیم فصل دوم گم شید بیرون,خلاصه دیدار پرسپولیس و استقلال - دربی ۱۰۷,Bp7Dst9igP0,0
ممدعمری خودخواه شده,خلاصه دیدار پرسپولیس و استقلال - دربی ۱۰۷,Bp7Dst9igP0,0
محبی داشت خوب بازی میکرد نباید تعویض میکردی,خلاصه دیدار پرسپولیس و استقلال - دربی ۱۰۷,Bp7Dst9igP0,3
بچه ها استقلال چقد ترس داره ازپرسپولیس بخدا استرس داشتن وگرنه میشد ببری بازیهای قبلی استقلال توپ نمیداد شانسش گفت ۶ تاییی نشد ریده بود کل تیم,خلاصه دیدار پرسپولیس و استقلال - دربی ۱۰۷,Bp7Dst9igP0,0
متاسفانه یاسین و اورونوف خیلی بی انگیزه بودن، مخصوصا سلمانی، انگاری پول نگرفته بود مفتی داشت بازی میکرد، لامصب بازیکنانی که ادعا دارن وقتی میان توی زمین خودتونو نشون بدین تا هوادار هم از شما ها حمایت کامل کنه,خلاصه دیدار پرسپولیس و استقلال - دربی ۱۰۷,Bp7Dst9igP0,0
این چیه همش مساوی مسخره بازی,خلاصه دیدار پرسپولیس و استقلال - دربی ۱۰۷,Bp7Dst9igP0,0
ببینید چکار کردید با ماها که دیگه کسی دربی رو هم نگاه نمیکنه، من یه پرسپولیسی دو آتیشه هستم منی که از یه هفته قبل از دربی با رفیقام و فامیل کل کل میکردم که ۶تایی میکنیم دوباره و از این حرفا، تازه فهمیدم دیروز دربی بوده و بازی رو ندیدم، ای لعنت بر همتون، تک تک فحشایی رو که بلدم نثار باعث و بانیش، امیدوارم داغ عزیزاتون رو ببنید ای باعث و بانیان این اودضاع,خلاصه دیدار پرسپولیس و استقلال - دربی ۱۰۷,Bp7Dst9igP0,0
تاتار نمیتونه پرسپولیس رو قهرمان کنه.,خلاصه دیدار پرسپولیس و استقلال - دربی ۱۰۷,Bp7Dst9igP0,0
استقلال اصفهان رو به آتش کشید,خلاصه دیدار پرسپولیس و استقلال - دربی ۱۰۷,Bp7Dst9igP0,2
مربی فقط برانکو یه تیم جون نترس میفرستاد تو زمین همه رو پاره میکرد..ده سال هم لذتش رو بردیم..دقیقا برعکس تارتار که همه جون های تیم رو چسبونده به نیمکت کاری با ارونوف کرده که تو خوشحالی آخر بازیها نيست..واقعا حیف ارونوف هیچ مربی رو پیدا نمیکنی که از یه الماس یه نیمکت نشین تحویل بده لعنتی تیمو جون کن جون بازی بده محمودي ارونوف حقشون نيست نیمکت نشین باشن,خلاصه دیدار پرسپولیس و استقلال - دربی ۱۰۷,Bp7Dst9igP0,1
اقا چرا خلاصه بازی خاطره انگیز 4 بر 3 پرسپولیس مقابل استقلال خوزستان با گزارش مهدی اخلاقی حذف کردین هااا؟؟ اون یکی از بهترین و هیجان انگیز ترین ویدیو های تلویزیون پرسپولیس بود، خواهش میکنم دوباره آپلودش کنید,خلاصه دیدار پرسپولیس و استقلال - دربی ۱۰۷,Bp7Dst9igP0,0
نیازمند قد و هیکل خوبی دارد ولی در چهارچوبی گیجه..و جاگیری هاش اصلا درست نیست.,خلاصه دیدار پرسپولیس و استقلال - دربی ۱۰۷,Bp7Dst9igP0,0
تلویزیون پرسپولیسه خودش گزارشگر داره، بازی رو هم گزارش کرده اونوقت خلاصه بازی رو با گزارشگر تلویزیون میرید، شما دیگه نوبرین واقعا... 😂,خلاصه دیدار پرسپولیس و استقلال - دربی ۱۰۷,Bp7Dst9igP0,0
یادش بخیر ❤ عشقم پرسپولیس از نگین گیلان شهر تالش ❤️,خلاصه بازی جذاب و جنجالی پرسپولیس و استقلال - فینال جام حذفی,_3bu30u7fvA,17
‏‪ ‏‪7:01‬‏ نمیدونم چرا هفت میبینم یاد الوصل افتادم کیسه گرفت بودن زیر❤ کتک مثل کیسه بوکس ب کیسه گل می‌زندن😂😂,خلاصه بازی جذاب و جنجالی پرسپولیس و استقلال - فینال جام حذفی,_3bu30u7fvA,1
.عشق فقط یک کلام پرسپولیس وسلام(همیشه قهرمان و برنده)❤️❤️❤️⭐️❤️❤️❤️. .PERSEPOLIS❤️❤️❤️⭐️❤️❤️❤️.,خلاصه بازی جذاب و جنجالی پرسپولیس و استقلال - فینال جام حذفی,_3bu30u7fvA,2
پرسپولیس همیشه قهرمان,خلاصه بازی جذاب و جنجالی پرسپولیس و استقلال - فینال جام حذفی,_3bu30u7fvA,3
برای پرسپولیس بردن استقلال راحت شده. جونم عشقپولیس کبیر ❤❤❤,خلاصه بازی جذاب و جنجالی پرسپولیس و استقلال - فینال جام حذفی,_3bu30u7fvA,1
همزمان قهرمان لیگ وجام حذفی❤,خلاصه بازی جذاب و جنجالی پرسپولیس و استقلال - فینال جام حذفی,_3bu30u7fvA,1
سلام به هموطنان عزیز چه عجب آقای یوسفی گزارشگر عزیز امیدواریم بیشتر گزارش‌های شما رو ببینیم حداقل شما مثل اقای فردوسی پور و خیابونی کم کار نشید و بازی‌های ملی رو هم گزارش کنید,خلاصه بازی جذاب و جنجالی پرسپولیس و استقلال - فینال جام حذفی,_3bu30u7fvA,0
جانم جان پرسپولیس,خلاصه بازی جذاب و جنجالی پرسپولیس و استقلال - فینال جام حذفی,_3bu30u7fvA,2
خدایش روزای خوب پرسپولیس خاطرس ولی واسه خیلیا آرزوس 😂😂❤❤,خلاصه بازی جذاب و جنجالی پرسپولیس و استقلال - فینال جام حذفی,_3bu30u7fvA,3
عشق پرسپولیس❤❤❤❤❤❤,خلاصه بازی جذاب و جنجالی پرسپولیس و استقلال - فینال جام حذفی,_3bu30u7fvA,1
درود بیکران به پرسپولیسیهای عزیز در این بازی حق به حقدار رسید چجور هم❤❤❤❤❤❤ زنده باد پرسپولیس,خلاصه بازی جذاب و جنجالی پرسپولیس و استقلال - فینال جام حذفی,_3bu30u7fvA,0
تابلوترین پنالتی که در تاریخ لیگ برتر گرفته نشده همین بازی بود,خلاصه بازی جذاب و جنجالی پرسپولیس و استقلال - فینال جام حذفی,_3bu30u7fvA,1
‏‪6:38‬‏ اون شب خیلی شب قشنگه بود کیسه با داوری باخت ❤❤❤💪💪💪🚩🚩🚩,خلاصه بازی جذاب و جنجالی پرسپولیس و استقلال - فینال جام حذفی,_3bu30u7fvA,0
پرسپولیس کبیر ❤❤❤,خلاصه بازی جذاب و جنجالی پرسپولیس و استقلال - فینال جام حذفی,_3bu30u7fvA,0
فقط شانس آورد داور که بازی رو بردیم اگه نمیبردیم دیگه باید داوری نمیکرد تا عمر داره,خلاصه بازی جذاب و جنجالی پرسپولیس و استقلال - فینال جام حذفی,_3bu30u7fvA,0
چقدر این برد چسسبیییید,خلاصه بازی جذاب و جنجالی پرسپولیس و استقلال - فینال جام حذفی,_3bu30u7fvA,0
دیگه عادی شده بردنه استقلال برامون بخدا 😂,خلاصه بازی جذاب و جنجالی پرسپولیس و استقلال - فینال جام حذفی,_3bu30u7fvA,0
هنوزم موندم چجوری پنالتی روی آل کثیر گرفته نشد,خلاصه بازی جذاب و جنجالی پرسپولیس و استقلال - فینال جام حذفی,_3bu30u7fvA,0
توروخدا دانیال و ترابی رو بیارید پرسپولیس بخدا خیلی بهمون کمک کردن واسه قهرمانی پارسال😊,خلاصه بازی جذاب و جنجالی پرسپولیس و استقلال - فینال جام حذفی,_3bu30u7fvA,0
🌾🐿🥜🌾۱۵..اسفند ۱۴۰۳😅🥀,خلاصه بازی جذاب و جنجالی پرسپولیس و استقلال - فینال جام حذفی,_3bu30u7fvA,2
پنالتی تاااابلو روی آل کثیر رو نگرفت,خلاصه بازی جذاب و جنجالی پرسپولیس و استقلال - فینال جام حذفی,_3bu30u7fvA,50
😢😢😢😢اقای درویش جای ۳ بازی کن خالی به خاطر پول ازدست دایم❤❤❤❤❤❤,خلاصه بازی جذاب و جنجالی پرسپولیس و استقلال - فینال جام حذفی,_3bu30u7fvA,1
پرسپولیس سرور اسدقلال ❤❤❤❤,خلاصه بازی جذاب و جنجالی پرسپولیس و استقلال - فینال جام حذفی,_3bu30u7fvA,1
این برد برای پرسپولیسی ها قشنگتر و دردش برای استقلالی ها فراتر.استقلالی جماعت همیشه باید گریان باشه😅❤,خلاصه بازی جذاب و جنجالی پرسپولیس و استقلال - فینال جام حذفی,_3bu30u7fvA,12
دوستان پرسپولیسی عزیز همه از صفحه تلویزیون دیدید که تیر دروازه ، داور ، خط نگهدار ، وزیر ، وقت نگهدار همه وهمه نتوانستند جلوی بردن پرسپولیس را بگیرند . ترابی و عالیشاه کار خودشان را کردند .بردن کیسه برای پرسپولیس ها عادت شده است ،,خلاصه بازی جذاب و جنجالی پرسپولیس و استقلال - فینال جام حذفی,_3bu30u7fvA,26
استقلال ۷ ۱ از الواصل شکست خورد 😂,خلاصه بازی جذاب و جنجالی پرسپولیس و استقلال - فینال جام حذفی,_3bu30u7fvA,3
پرسپولیس با استق بازی میکنه خودش کوچیک میکنه پرسپولیس با ید بر گزیده باشی از طرف پرسپولیس که هوادارش باشی,خلاصه بازی جذاب و جنجالی پرسپولیس و استقلال - فینال جام حذفی,_3bu30u7fvA,5
بد ترین شب عمرم واقعا 💔,خلاصه بازی جذاب و جنجالی پرسپولیس و استقلال - فینال جام حذفی,_3bu30u7fvA,0
افرین استقلال,خلاصه بازی جذاب و جنجالی پرسپولیس و استقلال - فینال جام حذفی,_3bu30u7fvA,3
این بازی خیلی خنده بود😂😂😂😂😂😂😂کیسه پاره شد,خلاصه بازی جذاب و جنجالی پرسپولیس و استقلال - فینال جام حذفی,_3bu30u7fvA,6
شوت بود یا موشک,خلاصه بازی جذاب و جنجالی پرسپولیس و استقلال - فینال جام حذفی,_3bu30u7fvA,0
یادش‌بخیر‌ما‌استقلالی‌ها‌گفتیم‌می‌بریم💙,خلاصه بازی جذاب و جنجالی پرسپولیس و استقلال - فینال جام حذفی,_3bu30u7fvA,2
این بازی همونیه که دقیقه ۱۱۹ گل دوم رو پرسپولیس درسته ‏‪4:42‬‏,خلاصه بازی جذاب و جنجالی پرسپولیس و استقلال - فینال جام حذفی,_3bu30u7fvA,1
😢😢😢😢😢باید پنارتی میگرفت روی عیسی صدرصد پنارتی بود😅😅😅😅😅🎉🎉🎉🎉🎉🎉🎉❤❤❤❤❤❤,خلاصه بازی جذاب و جنجالی پرسپولیس و استقلال - فینال جام حذفی,_3bu30u7fvA,1
واقعا چقدر فرق زیاد هست بین ما و عربستان خیلی عقب افتاده شدیم الهلال و النصر چه فوتبالی بود,خلاصه بازی جذاب و جنجالی پرسپولیس و استقلال - فینال جام حذفی,_3bu30u7fvA,0
چیکار کردی با خودت اقای بیرانوند اخه پول ارزششو داشت,خلاصه بازی جذاب و جنجالی پرسپولیس و استقلال - فینال جام حذفی,_3bu30u7fvA,0
مسکنهای این روزهای لنگ,خلاصه بازی جذاب و جنجالی پرسپولیس و استقلال - فینال جام حذفی,_3bu30u7fvA,0
هاجی باورم نمیشه هنوز هنوز همینجوری سیکیم خیاری بردن,خلاصه بازی جذاب و جنجالی پرسپولیس و استقلال - فینال جام حذفی,_3bu30u7fvA,4
بیرانوند جانمی ❤,خلاصه بازی جذاب و جنجالی پرسپولیس و استقلال - فینال جام حذفی,_3bu30u7fvA,0
اخراج بیمورد ساپینتو و .....تیم جوان استقلال بدون مربی از هم پاشید,خلاصه بازی جذاب و جنجالی پرسپولیس و استقلال - فینال جام حذفی,_3bu30u7fvA,1
لنگ حکومتی با زهم و طبق روال گذشته با داوری بازی را برد داور جنگ روانی انداخت و الکی ساپینتو را اخراج کرد و کار خودش را کرد,خلاصه بازی جذاب و جنجالی پرسپولیس و استقلال - فینال جام حذفی,_3bu30u7fvA,0
چتونه استقلالی ها هم گند زدین با این همه بازیکن خارجی میلیاردی و عارف آغاسی ۲۰۰ میلیاردی دم بهونه اوردن و نق زدن هستین چقدر شما پوست کلفت هستین ۷ تایی ها 😂😂 آبروی فوتبال ایران وبردید,خلاصه بازی جذاب و جنجالی پرسپولیس و استقلال - فینال جام حذفی,_3bu30u7fvA,0
پیروزی ازکون اورد اون شب,خلاصه بازی جذاب و جنجالی پرسپولیس و استقلال - فینال جام حذفی,_3bu30u7fvA,1
فعلا دل خوش باشین به این چیزها لنگی ها!!,خلاصه بازی جذاب و جنجالی پرسپولیس و استقلال - فینال جام حذفی,_3bu30u7fvA,0
هنوز کسی نفهمیده چرا ساپینتو اخراج شد......البته بعد از شرکت داور و کمکهاش تو جشن قهرمانی پرسپولیس ، همه چیز مشخص شد😢,خلاصه بازی جذاب و جنجالی پرسپولیس و استقلال - فینال جام حذفی,_3bu30u7fvA,1
استقلال بهتر بازی میکرد,خلاصه بازی جذاب و جنجالی پرسپولیس و استقلال - فینال جام حذفی,_3bu30u7fvA,2
بلایی که این سالها سر تاج اوردن اگر یه ذره شو سر لنگیا بیارن تبمشون متلاشی میشه بخدا اخه چقد جو‌و حاشیه برای تاج درست میکنین بسه دیگه,خلاصه بازی جذاب و جنجالی پرسپولیس و استقلال - فینال جام حذفی,_3bu30u7fvA,2
آفساید پولیس,خلاصه بازی جذاب و جنجالی پرسپولیس و استقلال - فینال جام حذفی,_3bu30u7fvA,0
واقعا مدت ها چشم انتظار پادکست و آنالیز های رضا بودیم. خسته نباشید همینطور پر قدرت ادامه بدید ♥️ اگر کسی به رضا حرفی زد ما جوابشو میدیم به خودش نگیره دیگه نیاد دوباره 😂😁,1100 قسمت ششم-ویژه بازی استقلال-پرسپولیس (دربی 107),NCaTifYAkHg,15
با وجود آقا رضا همیشه برنامتون رو میبینم,1100 قسمت ششم-ویژه بازی استقلال-پرسپولیس (دربی 107),NCaTifYAkHg,4
برنامه به این خوبی فن بیان به این زیبایی این «منم لایک و لایک» و کاش اینقد نگین!,1100 قسمت ششم-ویژه بازی استقلال-پرسپولیس (دربی 107),NCaTifYAkHg,5
خیلی وقت بود که منتظر اقا رضا بودیم خسته نباشید به همتون❤️ منتظر برنامه های طولانیتون هستیم😅,1100 قسمت ششم-ویژه بازی استقلال-پرسپولیس (دربی 107),NCaTifYAkHg,0
آقا دستخوش خداقوت برنامه با کیفیت همونی که از این ترکیب انتظار میره❤,1100 قسمت ششم-ویژه بازی استقلال-پرسپولیس (دربی 107),NCaTifYAkHg,0
لذت بردم. دلمون تنگ شده بود براتون. خوشحالم که دوباره می‌بینمتون و امیدوارم اوضاع مملکت هم بهتر بشه تا با دلِ خوشِ تمام‌عیار بشینیم و ببینیمتون.,1100 قسمت ششم-ویژه بازی استقلال-پرسپولیس (دربی 107),NCaTifYAkHg,0
مرسی که خیلی زود بعد از پایان بازی محتوا میارید، دمتون گرم و خدا قوت❤,1100 قسمت ششم-ویژه بازی استقلال-پرسپولیس (دربی 107),NCaTifYAkHg,0
اینقدر نیومدید خوابم برد 😢😢😢 الان اومدم میبینم,1100 قسمت ششم-ویژه بازی استقلال-پرسپولیس (دربی 107),NCaTifYAkHg,0
تیکه رضا عباس زاده به کارشناس جوان رو در عین ادب و احترام خیلی دوس داشتم علاقه به بررسی اتفاقات در دنیای موازی😂😂,1100 قسمت ششم-ویژه بازی استقلال-پرسپولیس (دربی 107),NCaTifYAkHg,0
افرین که نشستین چه خوب بود. ❤,1100 قسمت ششم-ویژه بازی استقلال-پرسپولیس (دربی 107),NCaTifYAkHg,0
رضا عباس‌زاده💎💎,1100 قسمت ششم-ویژه بازی استقلال-پرسپولیس (دربی 107),NCaTifYAkHg,1
همه عالی، ما عادت داریم به کامیار خیلی ادب می کرد جلو آقا رضا حامد خیلی بچه پرو هست😂😂، خسته نباشید,1100 قسمت ششم-ویژه بازی استقلال-پرسپولیس (دربی 107),NCaTifYAkHg,0
عالی مثل همیشه💚,1100 قسمت ششم-ویژه بازی استقلال-پرسپولیس (دربی 107),NCaTifYAkHg,0
عالیه عالی ایول من شمارو دنبال میکنم نه لیگ و دربی رو😂,1100 قسمت ششم-ویژه بازی استقلال-پرسپولیس (دربی 107),NCaTifYAkHg,0
عشق فقط پرسپولیس...ممنون از برنامه خوبتون❤❤❤❤❤❤,1100 قسمت ششم-ویژه بازی استقلال-پرسپولیس (دربی 107),NCaTifYAkHg,0
بیشتر در مورد تعریف از استقلال بود,1100 قسمت ششم-ویژه بازی استقلال-پرسپولیس (دربی 107),NCaTifYAkHg,1
مجتبی دوست داریم💙💙💙,1100 قسمت ششم-ویژه بازی استقلال-پرسپولیس (دربی 107),NCaTifYAkHg,0
کامیار دوست داریم تولدت مبارک,1100 قسمت ششم-ویژه بازی استقلال-پرسپولیس (دربی 107),NCaTifYAkHg,0
درود جناب مجتبی هاشمی مرسی از برنامه جالبتون ، تی شرت guns N’ Roses رو پوشیدید اتفاقا همین شنبه در Rose Bowl استادیوم لس انجلس کنسرت دارند و دارم میرم ، جاتون سبز و خالی ، حال کردم دیدم اینو پوشیدید 😜👏,1100 قسمت ششم-ویژه بازی استقلال-پرسپولیس (دربی 107),NCaTifYAkHg,0
💙💙تا ابد تاجیم💙💙,1100 قسمت ششم-ویژه بازی استقلال-پرسپولیس (دربی 107),NCaTifYAkHg,0
به نظر من بهترین بازیکن دربی آسانی بود,1100 قسمت ششم-ویژه بازی استقلال-پرسپولیس (دربی 107),NCaTifYAkHg,0
لطفا لطفا پادکست فوتبال اروپا رو هم راه بندازید🔥🔥🔥❤️❤️❤️❤️,1100 قسمت ششم-ویژه بازی استقلال-پرسپولیس (دربی 107),NCaTifYAkHg,1
دلمون تنگ شده بود برای صحبت های فوتبالی کرم و صمیمی شما، غر زدن و انتقاد کردن های زیادی بعضی ادما خستمون کرده بود.,1100 قسمت ششم-ویژه بازی استقلال-پرسپولیس (دربی 107),NCaTifYAkHg,0
01:00 خوبه دو نفری که توی تیزر اول برنامه اقا مجتبی بهشون زنگ زد گل زدن,1100 قسمت ششم-ویژه بازی استقلال-پرسپولیس (دربی 107),NCaTifYAkHg,0
1:46 رضا عباس زاده چی هستی که صداتو میشنوم یه آرامشی همرا با یه ذوق لذت به بدن من میشینه از وقتی دیدم مجدد شروع کردین یع ذره این زندگی واقعا برام امیدوارانه تر شده. نمیدونم باور میکنید یا نه ، یا چه حسی پیدا میکنید ادمایی به با وجود شما میتونند این زندگی رو امیدوارانه تر ادامه بدن اما اینطوریه هست. امیدوارم این خودخواهی نباشه ازتون با التماس خواهش کنم تایم ویدیو بیشتر کنید مثل پادکست ها 🙏🏻🙏🏻🙏🏻,1100 قسمت ششم-ویژه بازی استقلال-پرسپولیس (دربی 107),NCaTifYAkHg,0
رضا عباس زاده هر قسمت بیاد,1100 قسمت ششم-ویژه بازی استقلال-پرسپولیس (دربی 107),NCaTifYAkHg,0
دلم واسه کامیار ۳۶۰ تنگ شد. این عزیز دل که فنی راجع به تیم ها صحبت میکنه خیلی تناقض داره حرفاش، بیشتر هم شبیه هوادارهاس تا کارشناس,1100 قسمت ششم-ویژه بازی استقلال-پرسپولیس (دربی 107),NCaTifYAkHg,9
خسته نباشید ولی انصافا جا داشت آخرش آقا رضا در مورد نساجی هم صحبت کنه، شدیدا دلم میخواد نظر ایشون را درباره وضعیت نساجی و سرمربی نساجی و این همه اعتراض هواداراش بدونم.,1100 قسمت ششم-ویژه بازی استقلال-پرسپولیس (دربی 107),NCaTifYAkHg,1
اسم کارشناس سمت راست رو هنوز نمی دونم ولی واقعا تحلیل هاش خیلی خوبه، از یه زاویه زیبایی تحلیل می کنه اتفاقات رو.,1100 قسمت ششم-ویژه بازی استقلال-پرسپولیس (دربی 107),NCaTifYAkHg,0
شعبه دوم تلوزیون پرسپولیس,1100 قسمت ششم-ویژه بازی استقلال-پرسپولیس (دربی 107),NCaTifYAkHg,0
از همین اول رنگ و بوی قرمز گرفت کارگردانی برنامه تون مگ میشه گل استقلال و کلی از حملات استقلال نشون ندین عجباااا,1100 قسمت ششم-ویژه بازی استقلال-پرسپولیس (دربی 107),NCaTifYAkHg,2
همه از کارشناسان گفتن،من می‌خوام بگم چقدر آقام مجتبی خوب مدیریت می‌کنه جفت کارشناس ها حرفاشونو بزنن خوده آقا مجتبی هم اطلاعات بالا همراه با طنز و کاربلده👏❤️,1100 قسمت ششم-ویژه بازی استقلال-پرسپولیس (دربی 107),NCaTifYAkHg,0
با تشکر از آقا مجتبی گل و آقا رضا . و بعدشم اخرای برنامه مجتبی از رضا سوال می‌کنه ، بعدشم این بچه خوشگل جواب میده . بچه جون ادبت کجا رفته ، میخوای دیده بشی .,1100 قسمت ششم-ویژه بازی استقلال-پرسپولیس (دربی 107),NCaTifYAkHg,0
درووووووووووود❤❤❤❤❤❤❤❤❤,1100 قسمت ششم-ویژه بازی استقلال-پرسپولیس (دربی 107),NCaTifYAkHg,0
‏‪29:23‬‏ 😂😂😂😂پیروزی تیم بهتر زمین بود!!! از در عقب,1100 قسمت ششم-ویژه بازی استقلال-پرسپولیس (دربی 107),NCaTifYAkHg,0
فقط چرا رو یوتوب آنقدر دیر آپلود میشه؟!,1100 قسمت ششم-ویژه بازی استقلال-پرسپولیس (دربی 107),NCaTifYAkHg,0
عالی.. مگه میشه رضا عباس زاده باشه و برنامه ای بد بشه,1100 قسمت ششم-ویژه بازی استقلال-پرسپولیس (دربی 107),NCaTifYAkHg,0
این لایک چیه؟؟؟ هی لایک، لایک لایک,1100 قسمت ششم-ویژه بازی استقلال-پرسپولیس (دربی 107),NCaTifYAkHg,0
این برنامه در ایران تهیه میشه؟,1100 قسمت ششم-ویژه بازی استقلال-پرسپولیس (دربی 107),NCaTifYAkHg,0
مبل مبارک هیوا و معین کجان؟,1100 قسمت ششم-ویژه بازی استقلال-پرسپولیس (دربی 107),NCaTifYAkHg,0
کاش یکی از شما بگه ما پادکست ۳۶۰ رو از دست دادیم یا نه ؟,1100 قسمت ششم-ویژه بازی استقلال-پرسپولیس (دربی 107),NCaTifYAkHg,1
مهم ترین نکته اینه به نظر مخاطب اهمیت میدین اضافه شدن رضا مهم ترین کار بود دارید خوب میشید,1100 قسمت ششم-ویژه بازی استقلال-پرسپولیس (دربی 107),NCaTifYAkHg,0
جایی که رضا هست بودن هر کارشناس اضافه است ، با احترام به این رفیقمون . وقتی رضا هست و مجتبی هست هر کس دیگه ایی بجز خوده هیوا ، اومدنش به برنامه چیزی اضافه نمیکنه فقط از کیفیت کارتون کم میکنه . دمتون گرم خسته نباشید ♥️,1100 قسمت ششم-ویژه بازی استقلال-پرسپولیس (دربی 107),NCaTifYAkHg,0
‏‪27:08‬‏ بیفوما چرا خوشحالی نکرد¿!!!!!,1100 قسمت ششم-ویژه بازی استقلال-پرسپولیس (دربی 107),NCaTifYAkHg,0
خواهشا تحلیل فوتبال اروپااااااااااا,1100 قسمت ششم-ویژه بازی استقلال-پرسپولیس (دربی 107),NCaTifYAkHg,0
ترکیب جدید خیلی خوبه. اینکه بعد چند فصل ترکیب پادکست ۳۶۰ تغییر دادین و همون رو نیاوردین و عوضش کردین باعث تازگی و طراوت شده برای من. با احترام به کامیار ولی حامد تحلیل‌های شخصی تر مستقل‌تر و محکم‌تری داره از بازیا. و خوشحالم به این جمع اضافه شده. البته اینکه فقط بحث فنی و بقول بحث‌های کنارزمین و حاشیه‌ای و ( ذیربط ) نداره یکم شاید مخاطب‌ها‌رو خسته کنه,1100 قسمت ششم-ویژه بازی استقلال-پرسپولیس (دربی 107),NCaTifYAkHg,0
سهراب میگه واسه برد رفتم ولی بعد گل مساوی چشمی رو میاره تو بجای یه عنصر هجومی...ولی دمشون گرم از دربی پارسال که مربی های خارجی ارائه دادن خیلی خیلی با کیفیت تر بود بازی,1100 قسمت ششم-ویژه بازی استقلال-پرسپولیس (دربی 107),NCaTifYAkHg,2
گل استقلال و ضربه سر سحرخیزان که از کنار تیرک رد شد توی خلاصه بازی نبود، مگه داریم گل بازی رو نشون ندید؟🤯🤦‍♂️,1100 قسمت ششم-ویژه بازی استقلال-پرسپولیس (دربی 107),NCaTifYAkHg,8
مگه میشه گل استقلال رو نشون نداد ؟؟؟؟؟😒 کارگردان برنامه هیوا یوسفی بود ؟؟؟😒😒👊,1100 قسمت ششم-ویژه بازی استقلال-پرسپولیس (دربی 107),NCaTifYAkHg,1
جاوید شاه پاینده ایران درود بر آرش اعلایی و ایران دوستان,احمد علوی: روند صعودی دلار نشانه بدبینی بازار به آینده ریال ,38WPG-mIB10,6
یکی نیست به این حکومتیها بگه این چه شیوه حکومت کردنه هر جا رو که نگاه می‌کنی و دست رو هر چه میزاری مشکل در مشکل این چه شکل حکمروایه مدعی هم هستن که همه جا گل و بلبله برید خجالت بکشید,احمد علوی: روند صعودی دلار نشانه بدبینی بازار به آینده ریال ,38WPG-mIB10,3
سلام به نفت ۵۰۰دلاری,احمد علوی: روند صعودی دلار نشانه بدبینی بازار به آینده ریال ,38WPG-mIB10,0
ریال عمرش را به شما داد. البته اگر هم که عمری داشت که به شما نمیداد. صحبت از واحد پول جدید به اسم “دریک” که ارزشش ۱/۱۰ پول دلار امریکاست: یک دریک ایرانی = یک دایم امریکایی = ۱۰ سنت,احمد علوی: روند صعودی دلار نشانه بدبینی بازار به آینده ریال ,38WPG-mIB10,1
و مردان و زنان منافق و مردان و زنان مشرک را که به خدا گمان بد می‌برند مجازات کند؛حوادث ناگواری (که برای مؤمنان انتظار می‌کشند) تنها بر خودشان نازل می‌شود! خداوند بر آنان غضب کرده و از رحمت خود دورشان ساخته و جهنم را برای آنان آماده کرده؛ و چه بد سرانجامی است(۶) از آن خداست لشكرهاى آسمانها و زمين، و خدا پيروزمند و حكيم است(فتح۷),احمد علوی: روند صعودی دلار نشانه بدبینی بازار به آینده ریال ,38WPG-mIB10,0
خوشحالم از این که بیش از یکسال شده که از اینستا اومدم بیرون …واقعا چاله میدونه,48 ساعت بسیار مهم برای طلا و دلار / هفته بعد طلا و دلار چی م,4RItDZCdess,13
درود، پاینده باشی علی آقا ❤,48 ساعت بسیار مهم برای طلا و دلار / هفته بعد طلا و دلار چی م,4RItDZCdess,2
ممنون از تحلیلای عالیتون آقای رنجبر عزیز🪻,48 ساعت بسیار مهم برای طلا و دلار / هفته بعد طلا و دلار چی م,4RItDZCdess,1
علی آقا خیلی من از شما بابت این همه علمی که رایگان در اختیار همه می گذارید تشکر میکنم واقعا دقیق و درست ❤,48 ساعت بسیار مهم برای طلا و دلار / هفته بعد طلا و دلار چی م,4RItDZCdess,1
درود علی آقا بلاخره باید یک فرقی بین اینستاگرام و یوتیوب هم باشه دیگه شکر خدا کلا اینستاگرام ندارم 😊,48 ساعت بسیار مهم برای طلا و دلار / هفته بعد طلا و دلار چی م,4RItDZCdess,2
ممنون از تحلیلهای خوبتون امیدوارم روزی برسه با ارامش زندگی کنیم ❤,48 ساعت بسیار مهم برای طلا و دلار / هفته بعد طلا و دلار چی م,4RItDZCdess,6
ممنون به خاطر تحلیل خوبتون ❤❤❤❤,48 ساعت بسیار مهم برای طلا و دلار / هفته بعد طلا و دلار چی م,4RItDZCdess,0
خیلی عزیزید. سه سال است که از محضر جنابعالی بهره برده ایم. سپاسگزار لطف و زحمات شما هستیم. ❤❤❤,48 ساعت بسیار مهم برای طلا و دلار / هفته بعد طلا و دلار چی م,4RItDZCdess,2
علی آقا کاردرست❤🎉,48 ساعت بسیار مهم برای طلا و دلار / هفته بعد طلا و دلار چی م,4RItDZCdess,0
آقا علی آقا شما بسیار آدم باسوادی هستی و در حد اندازه ی خودت آدم مفید و موثری برای سایرین و اطرافیانت هستی. درود بر شما🎉,48 ساعت بسیار مهم برای طلا و دلار / هفته بعد طلا و دلار چی م,4RItDZCdess,3
❤❤❤❤❤درودوسپاس بسیار عالی ❤❤❤❤❤❤❤,48 ساعت بسیار مهم برای طلا و دلار / هفته بعد طلا و دلار چی م,4RItDZCdess,0
علی آقا ممنون ولی ویدیو هاتون نت تر و کوتاه تر بگذارید . دقایق اخر این ویدیو هم عالی بود .,48 ساعت بسیار مهم برای طلا و دلار / هفته بعد طلا و دلار چی م,4RItDZCdess,0
دمت گرم برادر❤❤❤❤❤,48 ساعت بسیار مهم برای طلا و دلار / هفته بعد طلا و دلار چی م,4RItDZCdess,0
سپاس از تحلیلهای خوبتون❤❤❤❤❤❤❤,48 ساعت بسیار مهم برای طلا و دلار / هفته بعد طلا و دلار چی م,4RItDZCdess,0
تشکرازتحلیلهای بسیارخوبتون علی اقا🎉,48 ساعت بسیار مهم برای طلا و دلار / هفته بعد طلا و دلار چی م,4RItDZCdess,1
استاد عزیز مثل همیشه کامل و عالی خیلی ممنون,48 ساعت بسیار مهم برای طلا و دلار / هفته بعد طلا و دلار چی م,4RItDZCdess,1
❤❤ ممنونم از روراستی شما ممنونم حسینی,48 ساعت بسیار مهم برای طلا و دلار / هفته بعد طلا و دلار چی م,4RItDZCdess,0
زنده باشی علی اقا.تشکر از زحمات شما,48 ساعت بسیار مهم برای طلا و دلار / هفته بعد طلا و دلار چی م,4RItDZCdess,1
من سال هاست که تو یوتیوب هستم و حدود یک سال پیش اینستا نصب کردم. انگار از تو یه جمع آدمای موفق و کار درست رفتم تو جمع خلافکارا فقط می تونم بگم که از اینستا فرار کنید.,48 ساعت بسیار مهم برای طلا و دلار / هفته بعد طلا و دلار چی م,4RItDZCdess,1
سلام علی آقا ممنونم از اطلاعات خوب شما❤❤,48 ساعت بسیار مهم برای طلا و دلار / هفته بعد طلا و دلار چی م,4RItDZCdess,1
سلام ممنونیم از شما. چقدر با شخصیتید شما ❤ دعاگویت هستیم. ادامه بده❤❤❤❤❤,48 ساعت بسیار مهم برای طلا و دلار / هفته بعد طلا و دلار چی م,4RItDZCdess,0
سلام و عرض ادب استاد عزیز واقعا ممنون از زحماتتون,48 ساعت بسیار مهم برای طلا و دلار / هفته بعد طلا و دلار چی م,4RItDZCdess,2
درود وسپاس علی آقای بزرگوار ازبیان مطالب آگاهی دهنده مفید وارزشمندتان ❤❤❤❤❤❤❤❤❤,48 ساعت بسیار مهم برای طلا و دلار / هفته بعد طلا و دلار چی م,4RItDZCdess,0
علی..آقا..تشکر.از.برنامه.خوب.تون,48 ساعت بسیار مهم برای طلا و دلار / هفته بعد طلا و دلار چی م,4RItDZCdess,0
ممنون ازبه روزرسانی زود به زود شما دمتگرم,48 ساعت بسیار مهم برای طلا و دلار / هفته بعد طلا و دلار چی م,4RItDZCdess,1
سلام عزیز چند ساله باهاتونم خیلی رشد کردم ممنون از راهنمایی هاتون🎉,48 ساعت بسیار مهم برای طلا و دلار / هفته بعد طلا و دلار چی م,4RItDZCdess,2
درود بزرگوار بسیار سپاسگزارم از تحلیل‌های عالی و حرفه ای شما🎉❤🎉❤🎉❤🎉,48 ساعت بسیار مهم برای طلا و دلار / هفته بعد طلا و دلار چی م,4RItDZCdess,1
تحلیلهای شما بسیار جامع و مفید است ممنون از زحماتتون.,48 ساعت بسیار مهم برای طلا و دلار / هفته بعد طلا و دلار چی م,4RItDZCdess,0
استلد وقتی هر پلتفرمی دست هر کسی بیفتد توقع زیادی نمیشه ازشون داشت زیاد خودتون رو ناراحت نکنید 🎉🎉,48 ساعت بسیار مهم برای طلا و دلار / هفته بعد طلا و دلار چی م,4RItDZCdess,0
یتیوب یه دانشگاهیه برا خودش,48 ساعت بسیار مهم برای طلا و دلار / هفته بعد طلا و دلار چی م,4RItDZCdess,1
شما کارتان درست هست با همین فرمان ادامه دهید ❤❤❤,48 ساعت بسیار مهم برای طلا و دلار / هفته بعد طلا و دلار چی م,4RItDZCdess,2
ممنونم علی آقا که وقت ویدیو ها را کمتر کردید❤,48 ساعت بسیار مهم برای طلا و دلار / هفته بعد طلا و دلار چی م,4RItDZCdess,0
از معدود کانالهایی هستید که تحلیلاتون همیشه مفید و کاربردی بوده ، مرسی از تیم حرفه‌ای و خوبتون,48 ساعت بسیار مهم برای طلا و دلار / هفته بعد طلا و دلار چی م,4RItDZCdess,1
بسیار عالی بود,48 ساعت بسیار مهم برای طلا و دلار / هفته بعد طلا و دلار چی م,4RItDZCdess,0
من با سفارش شما طلا رو روی ۳ تومن سرمایه گذاری کردم و چه اشتباهی کردم که کل سرمایه رو روی ۱۹ تومن قروختم و تبدیل به خونه کردم ، البته لازم داشتم و خونه اولی بودم . .بازم ممنونم 🎉🎉,48 ساعت بسیار مهم برای طلا و دلار / هفته بعد طلا و دلار چی م,4RItDZCdess,1
خدا رو شکر که بالاخره متوجه شدین ویدئو ها رو اول باید توو یوتیوب بزارین 😅😅,48 ساعت بسیار مهم برای طلا و دلار / هفته بعد طلا و دلار چی م,4RItDZCdess,1
علی آقا واقعا اقایی,48 ساعت بسیار مهم برای طلا و دلار / هفته بعد طلا و دلار چی م,4RItDZCdess,0
این.شد...زندگی..هر.روز.100هزار.نفر.خودشون..با.هزار.زحمت.میرسانند.تهران..سر.در.گمی..بفرشن.بخرند,48 ساعت بسیار مهم برای طلا و دلار / هفته بعد طلا و دلار چی م,4RItDZCdess,0
چون دهاتی نمیدونه یوتوب چیه,48 ساعت بسیار مهم برای طلا و دلار / هفته بعد طلا و دلار چی م,4RItDZCdess,0
سلام علی آقا ممنونم از رهنمایی خوبیتون ❤❤,48 ساعت بسیار مهم برای طلا و دلار / هفته بعد طلا و دلار چی م,4RItDZCdess,0
امروز کدام سطح برای شما مهم‌تر است: دلار ۲۳۰ هزار، طلای ۲۴ میلیون یا شاخص ۶٫۶۵ میلیون؟ فقط عدد هدف را ننویسید؛ نقطه ابطال سناریویتان را هم مشخص کنید.,دلار ۲۲۷ هزار شد؛ طلا و بورس امروز ادامه می‌دهند؟,3D6yVt7BYnY,0
تو ریزشش بانک مرزی قراره بدجوری بکوبه تو‌سرش چون قیمتش خیلی خوبه برا فروش,دلار ۲۲۷ هزار شد؛ طلا و بورس امروز ادامه می‌دهند؟,3D6yVt7BYnY,0
ممنون منا. من که دیروز دلار رو فروختم😪,دلار ۲۲۷ هزار شد؛ طلا و بورس امروز ادامه می‌دهند؟,3D6yVt7BYnY,0
Thanks پویا جان سلام ممنون از تحلیل خوب و عالیت,تساوی جذاب در دربی تهران🔥 | استقلال 1 -1 پرسپولیس | آنالیز ف,bPiM_HMfhvM,1
💙💙💙💙مثل همیشه عالی,تساوی جذاب در دربی تهران🔥 | استقلال 1 -1 پرسپولیس | آنالیز ف,bPiM_HMfhvM,0
سلام داش پویا تشکر🙏,تساوی جذاب در دربی تهران🔥 | استقلال 1 -1 پرسپولیس | آنالیز ف,bPiM_HMfhvM,0
مرسی پویا جان از انالیز فنی از بازی ک خیلی از مسایلی ک تو دربی برای من مبهم بود شما روشن کردین و استقلال باید بازی رو میبرد و افساید پولیس قسر در رفت 💙⭐️💙👑💙⭐️💙,تساوی جذاب در دربی تهران🔥 | استقلال 1 -1 پرسپولیس | آنالیز ف,bPiM_HMfhvM,2
خدا قوت 💙 💙 💙 💙,تساوی جذاب در دربی تهران🔥 | استقلال 1 -1 پرسپولیس | آنالیز ف,bPiM_HMfhvM,0
مرسی بابت تحلیل بسیار عالی 🙏🏻 واقعا تفاوت ما با پیروزی توی نیمکت بود! فکر می کنم توی تیم فصل دوم با تقویت تیم ، بازی های پر گلتری از تیممون ببینیم! یه نکته مهم دیگه این بازی این بود ک تا اینجا ، ما نمی دونستیم تیم اگه گل بخوره و یا عقب بیوفته ایا توانایی برگشت به بازی رو داره یانه! که سهراب نشون داد مربی بازیخون خوبی هست! و در نهایت بعد از سالها یه بازی قشنگ از هر دو تیم دیدیم,تساوی جذاب در دربی تهران🔥 | استقلال 1 -1 پرسپولیس | آنالیز ف,bPiM_HMfhvM,1
سلام خسته نباشید گودرزی ضعیف بود ولی یا نجات دروازه خوب داشت سرشو جلوی توپ گذاشت درکل با این اسکواد سهراب خیلی شجاع و نترس بود,تساوی جذاب در دربی تهران🔥 | استقلال 1 -1 پرسپولیس | آنالیز ف,bPiM_HMfhvM,0
رستم‌اتفاقا ولش‌نکر‌دواگر‌خطا‌میکرد‌کارت‌قرمز میگرفت‌‌مزاحمش‌شد‌تا‌بقل‌‌دستی برسه,تساوی جذاب در دربی تهران🔥 | استقلال 1 -1 پرسپولیس | آنالیز ف,bPiM_HMfhvM,0
من از اول فصل ،خیلی به بازی قلی دقت کردم اگه پاس میداد خیلی خوب بود مثل بره همش سرش پایینه . ولی خیلی خوبه,تساوی جذاب در دربی تهران🔥 | استقلال 1 -1 پرسپولیس | آنالیز ف,bPiM_HMfhvM,0
درود آقا پویا خسته نباشی،واقعا بازی عالی بود فقط کاش میبردیم اما تیم با پنجره بسته عالی بازی کرده دم بچه های تیم گرم💙💙💙💙,تساوی جذاب در دربی تهران🔥 | استقلال 1 -1 پرسپولیس | آنالیز ف,bPiM_HMfhvM,0
نقطه ضعف اصلی استقلال گودرزی در دفاع چب بود در وهله اول . تمام و اکثر حملات رقیب از سمت چب همان وضع گودرزی بود.,تساوی جذاب در دربی تهران🔥 | استقلال 1 -1 پرسپولیس | آنالیز ف,bPiM_HMfhvM,0
پويا جان درود بازي خوبي بود كاملاً اناليز و تحليلتون دقيق و درست بود . گودرزي خيلي تو اين بازي بد بود .ما ميتونستيم اين بازي رو ببريم اگه رو ضربات اخر بهتر عمل ميكرديم قطعاً شايسته برد ميبوديم . بهترين بازيكن زمين از نظر من ياسر اساني بود و رزاق نيا ، اين دو بازيكن بهترين عملكرد و نسبت به بقيه بازيكنان داشتن . سپاس از زحمات شما پويا جان 💎🙏🏻💙💙🌟👑🌟💙💙,تساوی جذاب در دربی تهران🔥 | استقلال 1 -1 پرسپولیس | آنالیز ف,bPiM_HMfhvM,2
آقا پویا مثل همیشه عالی فقط حسرت کم دقتی های بازیکنا رو باید بخوریم و یکی از دلایل اصلی که نبردیم غیر بحث اخراج عنعانی و داوری و اینا نیمکت ضعیفمون بود که باید بک آپ های بهتری داشته باشیم برا سعید و دفاع وسط و فولبک ها امیدوارم تا نیم فصل مصدوم ندیم و چنتا خرید خوب بکنیم,تساوی جذاب در دربی تهران🔥 | استقلال 1 -1 پرسپولیس | آنالیز ف,bPiM_HMfhvM,0
استقلال نیم فصل باید یه هافبک بازیساز با قدرت حمل توپ خوب (شماره ۸) و یه وینگ بک چپ خوب بگیره. بقیه پست ها اولویت دوم,تساوی جذاب در دربی تهران🔥 | استقلال 1 -1 پرسپولیس | آنالیز ف,bPiM_HMfhvM,1
تخت جمشید تخت داره ....,تساوی جذاب در دربی تهران🔥 | استقلال 1 -1 پرسپولیس | آنالیز ف,bPiM_HMfhvM,0
به نظر من کوشکی باید نیمکت نشین به اسلامی فیکس بازی کنه حالا نیمه دوم یه چند دقیقه بازی بده به کوشکی امسال عملکرد کوشکی خیلی ضعیف اسلامی اومد داخل ما خیلی بهتر شد خط حمله مون در کل بازی خوبی بود و اینکه ممنون از وقتی که میزارید موفق باشید ❤🌹,تساوی جذاب در دربی تهران🔥 | استقلال 1 -1 پرسپولیس | آنالیز ف,bPiM_HMfhvM,1
به نظر من هم باید. کوشکی ذخیره اسلامی باشد. امسال برعکس سال گذشته کوشکی اصلا. خوب بازی نمیکنه. نمی‌دانیم مشکلش چی است. برعکس. اسلامی خیلی خوب و دونده بازی میکند,تساوی جذاب در دربی تهران🔥 | استقلال 1 -1 پرسپولیس | آنالیز ف,bPiM_HMfhvM,0
بنظرم کیفیت موقعیت های استقلال بیشتر بود و پرسپولیس بیشتر شوت از راه دور میزد تیم واقعا کم نقص بود با این همه کمبود مرسی از سهراب واقعا,تساوی جذاب در دربی تهران🔥 | استقلال 1 -1 پرسپولیس | آنالیز ف,bPiM_HMfhvM,0
فقط به این دلیل دنبالت میکنم چون دیدت دید سطحی مثل ۹۹ درصد نیست کاملا معلوم که فوتبال بازی کردی خودت و فوتبالتم عالی بوده,تساوی جذاب در دربی تهران🔥 | استقلال 1 -1 پرسپولیس | آنالیز ف,bPiM_HMfhvM,0
سلام توی زد حمله خیلی ضعیف هستیم قلی اگه پاس بده خیلی بازیکنه خوبیه . مرسی,تساوی جذاب در دربی تهران🔥 | استقلال 1 -1 پرسپولیس | آنالیز ف,bPiM_HMfhvM,0
بنظر شما اگر قلی زاده بجای کوشکی به سمت راست میرفت و روزبه بجای قلی زاده و کمک به هافبک دفاعی بازی میکرد بهتر نبود؟,تساوی جذاب در دربی تهران🔥 | استقلال 1 -1 پرسپولیس | آنالیز ف,bPiM_HMfhvM,0
اسناد من تا اخر نگاه میکنم اما این دوبار اعلام نکردی.شاید بخاطر اینکه بحساب بانک مهر کارت به کارت میکنم.به هرحال باتشکر از زحمات شما این اندک کمک ها قابلی ندارد فقط مهم وصول آنها توسط شماست واعلام آن هم مبین رسیدن وجه است حال هم مطمئن نیستم بدستتان رسیده یانه شما فقط کامنت من را خواندید واعلام دریافت نکردید تا برای دفعات ‏‪36:58 بعدی خیالم راحت باشد..؟کیومرث,تساوی جذاب در دربی تهران🔥 | استقلال 1 -1 پرسپولیس | آنالیز ف,bPiM_HMfhvM,1
افرین دو مربی جوان. شهر آورد ❤❤❤❤❤❤❤جوانان بازی بدهید 🎉,آنالیز و حواشی بازی استقلال _ پرسپولیس | اشتباه عجیب داور | ,9FH48-S5YII,1
سلام لطفا با لایک و کامنت از ما حمایت کنید,آنالیز و حواشی بازی استقلال _ پرسپولیس | اشتباه عجیب داور | ,9FH48-S5YII,0
سلام دوست عزیز دمت گرم ❤❤❤❤❤❤❤❤❤❤,آنالیز و حواشی بازی استقلال _ پرسپولیس | اشتباه عجیب داور | ,9FH48-S5YII,0
من ‏‪فقط تو این موندم که تارتار چی داخل عمری دیده که داخل باکیچ نیس یا ندیده ....,آنالیز و حواشی بازی استقلال _ پرسپولیس | اشتباه عجیب داور | ,9FH48-S5YII,1
بازی خوبی بود از طرف هردو تیم,آنالیز و حواشی بازی استقلال _ پرسپولیس | اشتباه عجیب داور | ,9FH48-S5YII,0
سهراب و تاتار. افرین. جوانگرایی کنید. بجای میلیونها دلار به بازیکنان مسن 😮 خارجی. به جوان‌ها میدان بدهید 🎉🎉🎉🎉,آنالیز و حواشی بازی استقلال _ پرسپولیس | اشتباه عجیب داور | ,9FH48-S5YII,1
لنگ با۲جین بازیکن جلو استقلالی که ۵بازی رو باهمین. بازیکنا بازی کرده .بازی اخرش تو اهواز بادمای ۵۰درجه بوده گزینه تعویض نداشته با این حال بهتراز لنگ بازی کرد...,آنالیز و حواشی بازی استقلال _ پرسپولیس | اشتباه عجیب داور | ,9FH48-S5YII,0
کاش دو تا یاسر داشتیم,آنالیز و حواشی بازی استقلال _ پرسپولیس | اشتباه عجیب داور | ,9FH48-S5YII,0
علیپور مطمئنه تعویض نمیشه به همین لحاظ بی دقت ضربه آخر میزنه,آنالیز و حواشی بازی استقلال _ پرسپولیس | اشتباه عجیب داور | ,9FH48-S5YII,0
تعویض ایگور اشتباه بود باید علیپور تعویض میشد چون ایگور اجازه بازیسازی ازخط دفاع به استقلال نمی داد,آنالیز و حواشی بازی استقلال _ پرسپولیس | اشتباه عجیب داور | ,9FH48-S5YII,0
خنگ بود که داخل محوطه جریمه خودش را ننداخت چون تلویزیون صحنه آهسته را درست نشان نداد صد در صد پینالت بوده وار که کشکه وقتی برادران حیدری باشن,آنالیز و حواشی بازی استقلال _ پرسپولیس | اشتباه عجیب داور | ,9FH48-S5YII,0
خط دفاع روزبه چشمی میخاد,آنالیز و حواشی بازی استقلال _ پرسپولیس | اشتباه عجیب داور | ,9FH48-S5YII,0
راستی بابت حسرت ۱۰ ساله که تیم حکومتی ازش دم میزنه.... میتونن الان یک( ستاره) بزنن رو لگوشون اونها که یک ستاره فیک دارن دومی هم برنن فرقی نمیکنه بخدا😅,آنالیز و حواشی بازی استقلال _ پرسپولیس | اشتباه عجیب داور | ,9FH48-S5YII,0
تاجرنیا چرا فصل گذشته نتیجه تو زمین نگرفت از ملوان شکایت کرد,آنالیز و حواشی بازی استقلال _ پرسپولیس | اشتباه عجیب داور | ,9FH48-S5YII,0
ازبس ارونف روبازی نداده افت کرده عمری هم پشت مهاجم وحالت مهاجم سایه بهتر کار میکنه توکناره ها فایده نداره باکیچم که معلوم نیست چی شده ❤❤❤❤,آنالیز و حواشی بازی استقلال _ پرسپولیس | اشتباه عجیب داور | ,9FH48-S5YII,0
تاج برای آسیا بازیکن ۶ دونگ میخاد,آنالیز و حواشی بازی استقلال _ پرسپولیس | اشتباه عجیب داور | ,9FH48-S5YII,0
اخراج کنعانی پنالتی اسلامی گرفته نشد,آنالیز و حواشی بازی استقلال _ پرسپولیس | اشتباه عجیب داور | ,9FH48-S5YII,0
نمیدونم کدوم بازی رو داری میگی ولی هرچی میگی برعکس بوده چون استقلال اغلب بازی رو صاحب توپ. سوار بازی بود موقعیتم بیشتر داشت . البته اکثرا شماها لنگی هستید وانمود میکنید بیطرفید که لایک کامنت از ۲طرف داشته باشید...,آنالیز و حواشی بازی استقلال _ پرسپولیس | اشتباه عجیب داور | ,9FH48-S5YII,0
۴۷ساله عمروهستی همه سوخته کسي نفسش درنمیاد بعداومده کامنت زده پنالتی پرسپولیسی سوخت اوج بیخردی,آنالیز و حواشی بازی استقلال _ پرسپولیس | اشتباه عجیب داور | ,9FH48-S5YII,0
تار تار با تیم های بزرگ و جون دار نمیتونه نمیتونه بازی کنه اقا فقط یک نفر بیاد بگه دلیل بازی ندادن اورونف جیه یکی بگه باکیچ بهتر بازیکن گل گهر نیست فقط همین بس که دلالیش بعدا به گوشمون میرسه تیم بزرگ مربی بزرگ میخاد همینجور که ایتقدر تو این سالها دم خروسشون بیرون زده اخر این فصل هم پیدا میشه تا ارونوف رو با ضرر بدن بره بعد معلوم میشه,آنالیز و حواشی بازی استقلال _ پرسپولیس | اشتباه عجیب داور | ,9FH48-S5YII,2
پنالتی پرسپولیس سوخت 😮,آنالیز و حواشی بازی استقلال _ پرسپولیس | اشتباه عجیب داور | ,9FH48-S5YII,0
باکیچ باکیچ باکیچ.... من از هفته دوم دارم میگم حلقه گم شده‌ اون حلقه مفقوده ی وسط زمین ترکیب پرسپولیس فقط باکیچ هستش ،،،،کنار سروش هم بازی کرده یمدت هم جاشوگرفته بود....,آنالیز و حواشی بازی استقلال _ پرسپولیس | اشتباه عجیب داور | ,9FH48-S5YII,0
من کلا از فضای تخریب کردن خوشم نمیاد، ولی از لحاظ اصل موضوع، خداداد حرف اشتباهی نزده اینجا,رسمی : اخراج کاپیتان استقلال | تحلیل داوری بازی تراکتور - گل,LBD3_x5Fzbw,2
خداداد افکوتی 😂,رسمی : اخراج کاپیتان استقلال | تحلیل داوری بازی تراکتور - گل,LBD3_x5Fzbw,1
واقعا اگه خداداد توی بازی استرالیا گل نمیزد، الان هیچ کس حاضر نبود حتی با پهن عوضش کنه,رسمی : اخراج کاپیتان استقلال | تحلیل داوری بازی تراکتور - گل,LBD3_x5Fzbw,1
ای کاش این تنبیه ها رو سهراب پارسال برای عارف اقاسی وبقیه بازیکن ها میزاشت که حساب کار دست بقیه بیاد نه الان که بازیکن نداریم,رسمی : اخراج کاپیتان استقلال | تحلیل داوری بازی تراکتور - گل,LBD3_x5Fzbw,0
❤خداداد❤حرف حق❤ یاشاسین تیراختور🚜🚜,رسمی : اخراج کاپیتان استقلال | تحلیل داوری بازی تراکتور - گل,LBD3_x5Fzbw,0
❤یاشاسین تراختور❤,رسمی : اخراج کاپیتان استقلال | تحلیل داوری بازی تراکتور - گل,LBD3_x5Fzbw,0
❤فقط یاشاسین آقای خداداد عزیزی شما قزال تیز پای ایران ه‍ست ❤قالیشاه تو درحد بند کفش آقای عزیزی هم نیست تو باید خجالت بکشید همه جا با اوردنگی می ندارن بیرون تویک آدام هستی خجالت سرت هالی نیست باید فروکن خیلی بعید هست ❤یاشاسین آقای خداداد عزیزی بهترین اسطوره بزرگ ایران هست❤❤❤❤❤❤❤❤❤❤❤,رسمی : اخراج کاپیتان استقلال | تحلیل داوری بازی تراکتور - گل,LBD3_x5Fzbw,0
ای کاش یکی به این مدیر عامل پرسپولیس ۳ گانه🤔 میپرسید چطور فصل پیش با اینکه میشد بازی حذفی انجام داد دنبال ۳ گانه تیم خودش بوده😅 الان یاده بازی حذفی افتاده که باید برگذار بشه😅,رسمی : اخراج کاپیتان استقلال | تحلیل داوری بازی تراکتور - گل,LBD3_x5Fzbw,0
من جدیدا فوتبال و نیگاه میکنم اون تیمی که میگند جام های آفسایدی و اهدایی و بابا مسعود پشت سرهم میگرفت کدوم تیمه؟🤔بوده همچین تیمی؟,رسمی : اخراج کاپیتان استقلال | تحلیل داوری بازی تراکتور - گل,LBD3_x5Fzbw,0
اگه درباره فحش های رکیک عزیزی در رختکن گل گهر عزیزی رو کمتر از یکسال محروم نکنند دیگه همه چی مشخص هست 😢😢😢😢😢😢,رسمی : اخراج کاپیتان استقلال | تحلیل داوری بازی تراکتور - گل,LBD3_x5Fzbw,0
بازیکنی که میدونه باشگاه بهش نیاز داره سرکشی و فرصت طلبی میکنه خائن ب باشگاه وهوادارانه، وقتی کاپیتان تیم رو بهم میریزه باید برخورد بشه تا نظم حاکم بشه💙💙💙💙🥇🥇,رسمی : اخراج کاپیتان استقلال | تحلیل داوری بازی تراکتور - گل,LBD3_x5Fzbw,0
من استقلالی تیر هستم ولی خداوکیلی هیچوقت ندیدم امید عالیشاه به ما بی احترامی کنه . البته اگه به رفقای تراکتوری برنمیخوره .💙,رسمی : اخراج کاپیتان استقلال | تحلیل داوری بازی تراکتور - گل,LBD3_x5Fzbw,0
مگه تو تبریز بجز فحش چیز دیگری هستش,رسمی : اخراج کاپیتان استقلال | تحلیل داوری بازی تراکتور - گل,LBD3_x5Fzbw,0
تماشاگران تراکتور به خاطر سنگهایی که امید عالیشاه به طرفشون پرت کرده هر جا که بره بهش فحش میدن درست مثل پرسپولیسیها که ول کن بیرانوند و شجاع خلیل زاده نیستند,رسمی : اخراج کاپیتان استقلال | تحلیل داوری بازی تراکتور - گل,LBD3_x5Fzbw,0
ببين دنيا انقدر عوض شده كه بي اخلاق ترين مربي ايران يعني خدا داد عزيزي داره از احترام به داور حرف ميزنه ؟ 😂 جوك سال 😂,رسمی : اخراج کاپیتان استقلال | تحلیل داوری بازی تراکتور - گل,LBD3_x5Fzbw,0
خداداد میگه عالیشاه بهم یگه کجا بازی کرده 😂😂 یعنی چی یارو ۱۰ سال کاپیتان پرسپولیس بوده 😂😂خدادا خودش هم نمیدونه چی میگه حداقل یه چیزی میگفتی که بگنجه تو خودت بگو چی کاره هستی توی تیم تراکتور فقط شده جنگ ودعوا همه بازی های تراکتور ریده شده توی فوتبال تا موقعی که امثال بیرو خداداد وشجاع توی این تیم هستن هر جا بازی بشه همین هست,رسمی : اخراج کاپیتان استقلال | تحلیل داوری بازی تراکتور - گل,LBD3_x5Fzbw,1
اقای مهندس بیرو بعد سوت داور بازی رو شروع کرده تیم مهمان تو 13بدر بودن یادت نره چقد بی شرفه شده مد,رسمی : اخراج کاپیتان استقلال | تحلیل داوری بازی تراکتور - گل,LBD3_x5Fzbw,0
به نظرتون طاهره خانم بالاخره حقیقت در مورد مالکیت خاور رو می‌فهمه یا احمد می‌تونه قسر در بره؟,سریال جدید کمدی اسباب زحمت - قسمت 10 | Serial Asbabe Zahmat ,VYUtxfaj8rM,1
‏‪3:25‬‏ بچه ها خوش اومدین به ادامه سریال😊,سریال جدید کمدی اسباب زحمت - قسمت 10 | Serial Asbabe Zahmat ,VYUtxfaj8rM,1
حیف نون خ نبود آخه اومدی اینو ساختی؟؟؟,سریال جدید کمدی اسباب زحمت - قسمت 10 | Serial Asbabe Zahmat ,VYUtxfaj8rM,2
بابا کجایی بعد ۶ ماه نگران شدیم😂😂😂,سریال جدید کمدی اسباب زحمت - قسمت 10 | Serial Asbabe Zahmat ,VYUtxfaj8rM,0
تشکر ، لطفا بقیه قسمت هارو هم‌بذارید,سریال جدید کمدی اسباب زحمت - قسمت 10 | Serial Asbabe Zahmat ,VYUtxfaj8rM,0
بالاخره اومد 😂,سریال جدید کمدی اسباب زحمت - قسمت 10 | Serial Asbabe Zahmat ,VYUtxfaj8rM,1
چقدر منتظر بودم تا ادامه سریال بیاد دمتون گرم 😊❤,سریال جدید کمدی اسباب زحمت - قسمت 10 | Serial Asbabe Zahmat ,VYUtxfaj8rM,0
ابسولوتی سینما 🫪🦾,سریال جدید کمدی اسباب زحمت - قسمت 10 | Serial Asbabe Zahmat ,VYUtxfaj8rM,1
21:07 مثبت 18 شد یکم 😂,سریال جدید کمدی اسباب زحمت - قسمت 10 | Serial Asbabe Zahmat ,VYUtxfaj8rM,0
سلام خداقوت برادر منطقه ما فورجی هست برای مانحوه نت قوی بفرمایید تشکر به فارسی,سریال جدید کمدی اسباب زحمت - قسمت 10 | Serial Asbabe Zahmat ,VYUtxfaj8rM,0
به نظرتون مسعود می‌تونه از پس هزینه‌های سنگین عروسی و تعداد بالای مهمونا بربیاد یا باز داستان جدیدی پیش میاد؟ 🤔👇,سریال کمدی جدید مرد سه‌هزار چهره - قسمت 1 | Serial Marde Se ,4flk9yOTjmI,134
یادش بخیر کلا روزهای خوش به یادم‌میاد بجای اینکه ببینم و بخندم بیشتر دلم گرفت،خیلیا دیگه کنارمون نیستن توی این ده بیست سال😢,سریال کمدی جدید مرد سه‌هزار چهره - قسمت 1 | Serial Marde Se ,4flk9yOTjmI,65
آقای مدیری در هنر شما شکی نیست انگار ما بیش از حد غمگین و خسته اییم که دیگه نمیتونیم‌بخندیم.,سریال کمدی جدید مرد سه‌هزار چهره - قسمت 1 | Serial Marde Se ,4flk9yOTjmI,385
یادش بخیر چقدر با بابام نگاه میکردیم بابام دیگه نیست مرد سه هزار چهره اومده ولی😢,سریال کمدی جدید مرد سه‌هزار چهره - قسمت 1 | Serial Marde Se ,4flk9yOTjmI,476
نمی‌دونم شاید ما دیگه خنده مون نمیگیره ، آقای مدیری ممنون ولی ما واقعا دیگه نمی خندیم حتی به منگنه شدن,سریال کمدی جدید مرد سه‌هزار چهره - قسمت 1 | Serial Marde Se ,4flk9yOTjmI,123
نه طنزها مث قدیم میشه نه خنده ها.با این اوضاع و احوال کشور کی حال خندیدن داره روزگاری واسه شب‌های برره مردم مغازه هارو می‌بستند .از ته دل می‌خندیدند.خوش بودند ولی الان😢😢😢😢,سریال کمدی جدید مرد سه‌هزار چهره - قسمت 1 | Serial Marde Se ,4flk9yOTjmI,520
یعنی کاملا به وضوح مشخصه شبیه هر چیزی هست جز سریال طنز ، مخصوصا لوکیشن‌های طولانی,سریال کمدی جدید مرد سه‌هزار چهره - قسمت 1 | Serial Marde Se ,4flk9yOTjmI,43
منتظر بودم جای خنده دارش بیاد تموم شد اصلا کمدی نبود,سریال کمدی جدید مرد سه‌هزار چهره - قسمت 1 | Serial Marde Se ,4flk9yOTjmI,31
غمگین تر از انیم که با اینا بتونیم بخندیم و شاد باشم,سریال کمدی جدید مرد سه‌هزار چهره - قسمت 1 | Serial Marde Se ,4flk9yOTjmI,47
مهران شخصیت مسعود شستچی رو فراموش کرده ، و از همه مهمتر طنازی سناریو های ژوله و پیمان و مهراب در این سریال وجود نداره ... کاش تصور مارا از مرد هزار چهره خراب نمی کردن,سریال کمدی جدید مرد سه‌هزار چهره - قسمت 1 | Serial Marde Se ,4flk9yOTjmI,19
لهجه آقای مدیری گاهی وقتا ول میشه، از مسعود شصتچی به مهران مدیری تغییر پیدا میکنه,سریال کمدی جدید مرد سه‌هزار چهره - قسمت 1 | Serial Marde Se ,4flk9yOTjmI,34
اصلا جالب نبود تا الان. یعنی حتی با معیارهای ده سال پیش هم بامزه نبود. بخصوص کارکتر مادر که بیشتر رو مخه تا بامزه,سریال کمدی جدید مرد سه‌هزار چهره - قسمت 1 | Serial Marde Se ,4flk9yOTjmI,84
11:57 فقط منم یا شما هم دارید کهیر میزنید؟ واقعا لوس و لوده و چرنده!,سریال کمدی جدید مرد سه‌هزار چهره - قسمت 1 | Serial Marde Se ,4flk9yOTjmI,4
فوق‌العاده ست مهمان پادکست، خود مجتبی شکوریه لامصب 😂😂,سریال کمدی جدید مرد سه‌هزار چهره - قسمت 1 | Serial Marde Se ,4flk9yOTjmI,98
با احترام به همه نظر شخصی خودم اینه حیف که پول مردم صرف همچین مزخرفاتی میشه یا شایدم حال ما خوب نیست خدایا بهمون صبر بده تا تحمل کنیم این شرایط رو,سریال کمدی جدید مرد سه‌هزار چهره - قسمت 1 | Serial Marde Se ,4flk9yOTjmI,19
با دلار ۲۲۵ هزار تومنی چارلی چاپلین هم زنده بکنید بیارید تو فیلم خنده رو لبمون نمیاد شرمنده,سریال کمدی جدید مرد سه‌هزار چهره - قسمت 1 | Serial Marde Se ,4flk9yOTjmI,7
مهمون پادکست پدر جان خیلی اسنا بودا🤣,سریال کمدی جدید مرد سه‌هزار چهره - قسمت 1 | Serial Marde Se ,4flk9yOTjmI,2
هممم اداهای تکراری بیمزه بازی تکراری آب بستن تو سناریوی بیمزه شوخی های بی نمک من ترجیح میدم شبهای برره رو برای بار دهم ببینم ولی وقتم رو برای دیدن این ناهنجاری فرهنگی هدر ندم. حالا ما اینجور میگیم فکر کن فراستی الان داره چه کلماتی ردیف میکنه.,سریال کمدی جدید مرد سه‌هزار چهره - قسمت 1 | Serial Marde Se ,4flk9yOTjmI,8
چقدر مثل نامزد سابقم بود همه غلطی میکرد بعد میگفت خونواده ما اینو خوب نمیدونن اونو خوب نمیدونن😂,سریال کمدی جدید مرد سه‌هزار چهره - قسمت 1 | Serial Marde Se ,4flk9yOTjmI,2
حرکات لوس و تکراری و بازی بچه گانه ی مدیری که انگار برای کودکان زیر ۱۰ سال بازی می کنه ، به قدری مشمئز کننده س که آدم نرمال نمی تونه از این حرکات کوچکترین لذتی ببره ، چه بسا دچار شرم نیابتی هم بشه حمایت از این مردک لوس و بی هنر نشان از ضریب هوشی خیلی پایین جامعه داشته و داره,سریال کمدی جدید مرد سه‌هزار چهره - قسمت 1 | Serial Marde Se ,4flk9yOTjmI,48
19:22 واقعاً سریالهای اون دوران یکچیز دیگه بود الان همه بدون سناریو و آبدوغ خیاری شده,سریال کمدی جدید مرد سه‌هزار چهره - قسمت 1 | Serial Marde Se ,4flk9yOTjmI,10
اخ اخ این طولانی شدن لوکیشن‌ها اعصاب ادم رو خراب می‌کنه,سریال کمدی جدید مرد سه‌هزار چهره - قسمت 1 | Serial Marde Se ,4flk9yOTjmI,27
وای اونجا که نیکخواه ادای سروش صحت رو درمیاره 😂😂😂,سریال کمدی جدید مرد سه‌هزار چهره - قسمت 1 | Serial Marde Se ,4flk9yOTjmI,67
ولا میخوام از اجبار بخندم نمیشه نمیدونم چرا میدونید شما کجای کار ملنگه😢😢😢,سریال کمدی جدید مرد سه‌هزار چهره - قسمت 1 | Serial Marde Se ,4flk9yOTjmI,38
یاد گذشته افتادم.....ایران تو گذشته چقد قشنک تر بود,سریال کمدی جدید مرد سه‌هزار چهره - قسمت 1 | Serial Marde Se ,4flk9yOTjmI,58
دستای رضا نیکخواه 😂😂😂😂😂😂😂,سریال کمدی جدید مرد سه‌هزار چهره - قسمت 1 | Serial Marde Se ,4flk9yOTjmI,4
مسعود الان نباید نماینده‌ی سابق و رئیس جمهور بشه؟!😅😅,سریال کمدی جدید مرد سه‌هزار چهره - قسمت 1 | Serial Marde Se ,4flk9yOTjmI,17
اصلا شبیه به مرد هزار چهره های قبلی نیست اونم دلیلش نبود نویسنده های قبلیه این کلا یه سریال جدیده که اصلا خنده دار نیست,سریال کمدی جدید مرد سه‌هزار چهره - قسمت 1 | Serial Marde Se ,4flk9yOTjmI,30
افتضاح بود واقعا مهران مدیری چی فکر کرد پیش خودش این رو ساخت,سریال کمدی جدید مرد سه‌هزار چهره - قسمت 1 | Serial Marde Se ,4flk9yOTjmI,8
33:12 قیمتارو دیده داره از ترفند من لیاقت تورو ندارم استفاده میکنه😂😂😂,سریال کمدی جدید مرد سه‌هزار چهره - قسمت 1 | Serial Marde Se ,4flk9yOTjmI,1
چقدر یه نفر میتونه بی مزه و تلخ باشه آخ ، وقتی فیلم نامه نویس خوب نباشه قورباغه ابوعطا می خونه,سریال کمدی جدید مرد سه‌هزار چهره - قسمت 1 | Serial Marde Se ,4flk9yOTjmI,9
25:35 فراستی کجایی😂😂😂😂,سریال کمدی جدید مرد سه‌هزار چهره - قسمت 1 | Serial Marde Se ,4flk9yOTjmI,1
الان بخندیم 🫪,سریال کمدی جدید مرد سه‌هزار چهره - قسمت 1 | Serial Marde Se ,4flk9yOTjmI,7
‏‪ ‏ ‏‪21:06‬‏ سیامک نفیری❌ مجتبی شکوری✅,سریال کمدی جدید مرد سه‌هزار چهره - قسمت 1 | Serial Marde Se ,4flk9yOTjmI,2
مسعود پزشکیان و شصستچی😂😂😂😂😂,سریال کمدی جدید مرد سه‌هزار چهره - قسمت 1 | Serial Marde Se ,4flk9yOTjmI,4
آقای شصت‌چی و خانو سبابه‌چی 😅😅❤,سریال کمدی جدید مرد سه‌هزار چهره - قسمت 1 | Serial Marde Se ,4flk9yOTjmI,5
قسمت اول که چنگی به دل نمیزنه 😐😐😐,سریال کمدی جدید مرد سه‌هزار چهره - قسمت 1 | Serial Marde Se ,4flk9yOTjmI,7
وای خدای من انگار دور همی گرفتن و دیالوگ‌ها بداهه هستن,سریال کمدی جدید مرد سه‌هزار چهره - قسمت 1 | Serial Marde Se ,4flk9yOTjmI,5
دیگه خنده ای نداریم آقای مدیری واقعا حالمون خوب نیست😢,سریال کمدی جدید مرد سه‌هزار چهره - قسمت 1 | Serial Marde Se ,4flk9yOTjmI,7
بیشتر گریه آور تا خنده آور فقر این بنده خدا قصه هر روز ماست,سریال کمدی جدید مرد سه‌هزار چهره - قسمت 1 | Serial Marde Se ,4flk9yOTjmI,3
خودشون کلا با عروس داماد ۸نفرن ،،همکاراش ۱۳۰نفر😂😂,سریال کمدی جدید مرد سه‌هزار چهره - قسمت 1 | Serial Marde Se ,4flk9yOTjmI,20
این تغییر نکردن لوکیشن و طولانی شدن هر صحنه و طولانی شدن دیالوگ‌ها ادم رو عصبی می‌کنه,سریال کمدی جدید مرد سه‌هزار چهره - قسمت 1 | Serial Marde Se ,4flk9yOTjmI,29
دم مدیری گرم چ حالی گرفت از فراستی 😂😂😂😂,سریال کمدی جدید مرد سه‌هزار چهره - قسمت 1 | Serial Marde Se ,4flk9yOTjmI,1
مسعود شصت چی چه زن خوشگلی داره,سریال کمدی جدید مرد سه‌هزار چهره - قسمت 1 | Serial Marde Se ,4flk9yOTjmI,13
وایییی ادای برنامه سروشششش,سریال کمدی جدید مرد سه‌هزار چهره - قسمت 1 | Serial Marde Se ,4flk9yOTjmI,14
بدل مجتبی شکوری هم اومد خیلی خوب بود😂,سریال کمدی جدید مرد سه‌هزار چهره - قسمت 1 | Serial Marde Se ,4flk9yOTjmI,1
وقتیکه کارگردان میخواد سنبل کنه ،، نویسنده نداره ، داستان متوالی نداره ،,سریال کمدی جدید مرد سه‌هزار چهره - قسمت 1 | Serial Marde Se ,4flk9yOTjmI,6
بحث غمگین بودن ما به کنار ولی جوک ها و فضاسازی و همه و همه هی نمیشه آقای مدیری! از اون شاهکار های شما تا اینا خیلی فاصله هست!,سریال کمدی جدید مرد سه‌هزار چهره - قسمت 1 | Serial Marde Se ,4flk9yOTjmI,2
چقد مزخرف بود,سریال کمدی جدید مرد سه‌هزار چهره - قسمت 1 | Serial Marde Se ,4flk9yOTjmI,11
ادای این پسر انگیزشی شکوری قرمساق😅,سریال کمدی جدید مرد سه‌هزار چهره - قسمت 1 | Serial Marde Se ,4flk9yOTjmI,35
وای مام دوزز😂😂,سریال کمدی جدید مرد سه‌هزار چهره - قسمت 1 | Serial Marde Se ,4flk9yOTjmI,1
آقای مدیری، بنظرخودت جوکهای زمان دلار پونصدتومنی، تو عصر دلار دویست وسی هزار تومنی میتونن خنده دار باشن؟؟؟,سریال کمدی جدید مرد سه‌هزار چهره - قسمت 1 | Serial Marde Se ,4flk9yOTjmI,4
23:22 واییی، مجتبی شکورییییییو داره نشون میده😂😂😂😂,سریال کمدی جدید مرد سه‌هزار چهره - قسمت 1 | Serial Marde Se ,4flk9yOTjmI,1
‏‪12:07‬‏ طلق هم می‌ره لای شیرازه 😂,سریال کمدی جدید مرد سه‌هزار چهره - قسمت 1 | Serial Marde Se ,4flk9yOTjmI,8
اولین کامنت،خدا قوت,سریال کمدی جدید مرد سه‌هزار چهره - قسمت 1 | Serial Marde Se ,4flk9yOTjmI,3
قشنگ بود ...❤❤😂😂خخخ لبیییکک یا استاد مدیری ❤❤👏👏👏👏,سریال کمدی جدید مرد سه‌هزار چهره - قسمت 1 | Serial Marde Se ,4flk9yOTjmI,0
مدیری به چه دریوزگی افتاده سریالشو تبدیل به خندوانه کرده! 23:31,سریال کمدی جدید مرد سه‌هزار چهره - قسمت 1 | Serial Marde Se ,4flk9yOTjmI,3
به نظرتون قسمت اول سریال در و تخته چطور بود؟ 👀,سریال جدید در و تخته – قسمت 1 | Serial Daro Takhteh – Episod,kSO-9tWM8lU,6
عالی بود ❤❤❤,سریال جدید در و تخته – قسمت 1 | Serial Daro Takhteh – Episod,kSO-9tWM8lU,0
سریال گذرگاه عالی بود,سریال جدید در و تخته – قسمت 1 | Serial Daro Takhteh – Episod,kSO-9tWM8lU,0
واقعا عاشق اذان هستم در اول سریال، سالهاست این صدا رو نشنیده بودم ممنونم,سریال جدید در و تخته – قسمت 1 | Serial Daro Takhteh – Episod,kSO-9tWM8lU,14
خدارو شکرگزارم بالاخره یه سریال خوب ساخته شد که ارزش وقت و دیدن داشته باشه🙏🏼🙏🏼,سریال جدید در و تخته – قسمت 1 | Serial Daro Takhteh – Episod,kSO-9tWM8lU,1
ممنون که خنده رو به لب مردم ایران آوردی,سریال جدید در و تخته – قسمت 1 | Serial Daro Takhteh – Episod,kSO-9tWM8lU,5
شما ایرانی ها چقدر با سلیقه اید این سریال بهترین است. دست دستاندرکاران با این نحو دید و نگاه درد نکند. بخدا دیگر ملت ها حسرت ثقافت و فکر و نگاه شما ها را می خورد قدر بدونید.,سریال جدید در و تخته – قسمت 1 | Serial Daro Takhteh – Episod,kSO-9tWM8lU,2
اولین کامنت خدا کنه ارزش وقت گذاشتن براش باشه فقط 👑👍😔🖤,سریال جدید در و تخته – قسمت 1 | Serial Daro Takhteh – Episod,kSO-9tWM8lU,0
جالبه با مقنه مشکی یکجور دیگه خوشگل و مقبول شدند خانم محرابی و صدایشان چقدر آرام و دلنشین است 👌👍💋,سریال جدید در و تخته – قسمت 1 | Serial Daro Takhteh – Episod,kSO-9tWM8lU,2
اين سريالو نميدونم ولي متاسفانه چند ساليه سريالا ااصلاً مفهوم و محتوا ندارن خيلي سر كارين اينو ميبينيم انشالله مورد پسند باشه كاش سريالايي مثل ستايش ميساخ تن كه هم فيلنامش هم نويسندش عالي كار كردن تماماً درس زندگي بود صحبتهاي آقاي حشمت فردوس پر از درس زندگي و حكيمانه,سریال جدید در و تخته – قسمت 1 | Serial Daro Takhteh – Episod,kSO-9tWM8lU,4
خدایا چقدر یک روس ی سفید ساده به خانم آشا محرابی میاید زیبا و دلنشین شدند👍👌,سریال جدید در و تخته – قسمت 1 | Serial Daro Takhteh – Episod,kSO-9tWM8lU,2
باورم نمیشه…..هنوز تو ایران از ای سریالا میسازن؟؟؟؟,سریال جدید در و تخته – قسمت 1 | Serial Daro Takhteh – Episod,kSO-9tWM8lU,1
نقش آشا محرابی نقطه مقابل شخصیتش!!!,سریال جدید در و تخته – قسمت 1 | Serial Daro Takhteh – Episod,kSO-9tWM8lU,0
چرت ترین سریال ارزش وقت گذشتن نداره,سریال جدید در و تخته – قسمت 1 | Serial Daro Takhteh – Episod,kSO-9tWM8lU,0
دست شما درد نکنه، پر انرژی، پایدار ‌و پیروز باشید.❤,افشاگري درباره پشت پرده داوري فوتبال ايران,z705oYOaP1U,1
چرا این شکلیه ویدئوت؟,با با کیفیت‌ترین و بی‌کیفیت‌ترین خودروهای بازار آشنا شوید,HkEJFGk0F6o,0
فرد مصاحبه شونده دانش و اطلاعات خوبی داشت. لذت بردم 👌👍,آغاز تست تصادف خودرو در ایران,uLOVZUVbHEY,12
چه انسان شریفی بودن . خوب و کامل و با اطلاعات بالا توضیح دادن,آغاز تست تصادف خودرو در ایران,uLOVZUVbHEY,9
مصاحبه جالبی بود و جز معدود دفعاتی بود که دیدم مصاحبه شونده سرش به تنش میارزه.,آغاز تست تصادف خودرو در ایران,uLOVZUVbHEY,6
مرسی با اشخصاصی مثل شما دو نفر سریع رشد میکنیم دورود خدا بر شما که برای ایران و ایرانی تلاش میکنید,آغاز تست تصادف خودرو در ایران,uLOVZUVbHEY,6
مهندس آزاد سپاسگزارم از مصاحبه ها و ویدیوها و دغدغه های شما و همکارانتان در صنعت و بازار خودرو💯,آغاز تست تصادف خودرو در ایران,uLOVZUVbHEY,1
به این میگن یک مسئول باسواد مشخص بود طرف دانش این کار رو داره,آغاز تست تصادف خودرو در ایران,uLOVZUVbHEY,0
چه قدر شبیهید 😂😂😂 انگار برادر خودتونه,آغاز تست تصادف خودرو در ایران,uLOVZUVbHEY,2
مصاحبه شونده با مصاحبه کننده چقدر شبیه هستند😅,آغاز تست تصادف خودرو در ایران,uLOVZUVbHEY,0
حقیقت تلخ گفته شد اما همینکه گفته شد هم خوبه و امید بخش 😐,آغاز تست تصادف خودرو در ایران,uLOVZUVbHEY,1
ماشالا به توصیحات ایشون ❤,آغاز تست تصادف خودرو در ایران,uLOVZUVbHEY,0
احسنت به این مسئول که خیلی خوب توضیح میده و با صبر به همه سوالات، با دانشِ بالا جواب میده. ضمن اینکه دلسوزی برای مردم هم در ایشون دیدم. از بیت ران هم متشکرم. 🌹🌹🌹🙏🙏🙏,آغاز تست تصادف خودرو در ایران,uLOVZUVbHEY,0
فقط امیدوارم تو تست کرش سرعت خودرو واقعا طبق استاندارد باشه نیان با ۳۰ تا بکوبنش,آغاز تست تصادف خودرو در ایران,uLOVZUVbHEY,1
استاندارد بنزین رو هم ای کاش بررسی می کردید. که چرا بنزین ها هنوزم با استاندارد یویرو ۲ داره تولید میشه.,آغاز تست تصادف خودرو در ایران,uLOVZUVbHEY,0
بیچاره خودش همه ی مشکلاتو می‌دونه کاری نمیتونه بکنه درموردشون,آغاز تست تصادف خودرو در ایران,uLOVZUVbHEY,1
جای این همه هزینه بنزین تو سطح شهرو بررسی میکردید که کیفیتش رو همگان متوجه بشن که غیر از اکتان وحشتناک پایین حدود 60 الودگی که این بنزین داره تولید میکنه چقدر هست؟,آغاز تست تصادف خودرو در ایران,uLOVZUVbHEY,0
تمام این خودروهایی که تا الان برای تست به خارج از کشور ارسال شدن با قطعات سفارشی و ورق وارداتی ساخته شدن و اونچه روی خط تولید ساخته میشه با قطعات داخلی. شما اگه خودرویی که از نمایندگی تحویل میگیرید رو تست کنید ۱ ستاره بیشتر نمیگیره.,آغاز تست تصادف خودرو در ایران,uLOVZUVbHEY,0
داداششه؟چقدر شبیهند,آغاز تست تصادف خودرو در ایران,uLOVZUVbHEY,0
جدی بهش بپردازید.ی ۲۰۰ سالی زمان میخاد اگر هوای تمیزی و محیط زیستی بمونه,آغاز تست تصادف خودرو در ایران,uLOVZUVbHEY,0
خبرنگار باسواد باشه نتیجش این میشه طرف مقابل باید حواسش خوب باشه گند نزنه,آغاز تست تصادف خودرو در ایران,uLOVZUVbHEY,0
تست تصادفو دادن به پاریزان صنعت من دوسال اونجا کار کردم بهش امیدی نیست اگه ام ساخته بشه چیزه ناجوری میشه😂😂😂,آغاز تست تصادف خودرو در ایران,uLOVZUVbHEY,0
با سرعت ۱۰ کیلومتر تست میکنن😅,آغاز تست تصادف خودرو در ایران,uLOVZUVbHEY,0
امین این داداشت نیست؟ انگار کپی پیستتون کردن! 😁,آغاز تست تصادف خودرو در ایران,uLOVZUVbHEY,1
پراید تا دم کارگاه تست خودرو هم نمیره,آغاز تست تصادف خودرو در ایران,uLOVZUVbHEY,0
موتور خودرو های شما بدرد موتور سر چاه هم نمیخوره چه برسه به خودرو,آغاز تست تصادف خودرو در ایران,uLOVZUVbHEY,0
فقط بلدن لب دهن بیان,آغاز تست تصادف خودرو در ایران,uLOVZUVbHEY,0
ایمنی ماشین محرمانس؟ جل الخالق ماشالله,آغاز تست تصادف خودرو در ایران,uLOVZUVbHEY,0
آهان حالا معلوم شد تموم مصاحبه رو پیش بردی تا بگی دو ماشین سایپا نیسان و تیبا آشغاله. بعدم توقع داری مدیر عامل سایپا تحویل بگیره شما رو ؟,آغاز تست تصادف خودرو در ایران,uLOVZUVbHEY,0
ترکیه وکشورهای عربی ،را تحریم کنیم ❤,چرا نباید به استانبول ترکیه سفر کنیم؟,8dORdJ6ONhw,6
حیف پول ک توی ترکیه خرج بشه😮,چرا نباید به استانبول ترکیه سفر کنیم؟,8dORdJ6ONhw,7
اکمک یعنی نان,چرا نباید به استانبول ترکیه سفر کنیم؟,8dORdJ6ONhw,0
سلام آقا حامد ، اسم این نون سیمیت هست نه سیمیک,چرا نباید به استانبول ترکیه سفر کنیم؟,8dORdJ6ONhw,1
اسم اون مکانی که فراموش کردی ماسوله هس که خونه هاش پلکانیه,چرا نباید به استانبول ترکیه سفر کنیم؟,8dORdJ6ONhw,2
دوست عزیز سیمیک نیست سیمیت هستش ، اِکمک ekmek هم میشه نان,چرا نباید به استانبول ترکیه سفر کنیم؟,8dORdJ6ONhw,1
سلام حامد جان خوب بود توصیفت دمتگرم آخرین بار که رفتم ترکیه سال ۹۸ بود خیلی همه چی ارزونتر بود نون باگتشون ۸ لیر بود یه دونر نهایتا ۱۰ لیر بود اسکندر کبابم ۲۵ لیر خوردم 😅 راستی این ویدئوت قدیمیه دیگه چون الان تو اقلیم کردستانی ؟,چرا نباید به استانبول ترکیه سفر کنیم؟,8dORdJ6ONhw,0
اون بوفه هه عجم بود نه اکم برادر . در زبان ترکی استانبولی c صدای ج میده داداش,چرا نباید به استانبول ترکیه سفر کنیم؟,8dORdJ6ONhw,0
اِک مک به زبان ترکی میشه نان,چرا نباید به استانبول ترکیه سفر کنیم؟,8dORdJ6ONhw,0
😊😊😊😊خیلی بامزه خوب توضیح میدی باحاله ویدوهاتون❤,چرا نباید به استانبول ترکیه سفر کنیم؟,8dORdJ6ONhw,2
کسی تا به حال خارج کشور نرفته ترکیه خوبه بره فقط یک بار,چرا نباید به استانبول ترکیه سفر کنیم؟,8dORdJ6ONhw,0
سلام برادر آقا حامد عالللی بود ترکیه خیلی قشنگیه همیشه لبتون خندون باشه از زندگی لذت ببر خوش بگذره از هر بلایی خدا دورت کنه خدا حفظت کنه,چرا نباید به استانبول ترکیه سفر کنیم؟,8dORdJ6ONhw,1
عالی بود ممنون از اطلاعاتتون,چرا نباید به استانبول ترکیه سفر کنیم؟,8dORdJ6ONhw,0
ممنون از زحمات برادر عزیز,چرا نباید به استانبول ترکیه سفر کنیم؟,8dORdJ6ONhw,0
حامدی خوشه ویست سپاس❤❤❤❤❤,چرا نباید به استانبول ترکیه سفر کنیم؟,8dORdJ6ONhw,3
حالم از ترکیه بهم میخوره,چرا نباید به استانبول ترکیه سفر کنیم؟,8dORdJ6ONhw,0
از لحاظ امکانات و رفاه و پیشرفت ترکیه اصلا با هند قابل مقایسه نیست,چرا نباید به استانبول ترکیه سفر کنیم؟,8dORdJ6ONhw,0
ایران آزاد شه ترکیه دیگه گرونی نمیشه یعنی جرات نمی کنن گرونی رو ادامه بده الانم با این گرونی فاسد هستند,چرا نباید به استانبول ترکیه سفر کنیم؟,8dORdJ6ONhw,0
ایران بارندگی نداریم خون جوانان ریختن همه داغونیم شش ماه حقوق ندگرفتیم یه یارانه می دن هیچزنمیشه خرید,چرا نباید به استانبول ترکیه سفر کنیم؟,8dORdJ6ONhw,0
ترکیه این اواخر خیلی گران شده من حدوده هفت سال پیش بودم اینقدر گرانی نبود,چرا نباید به استانبول ترکیه سفر کنیم؟,8dORdJ6ONhw,0
ترکیه خیلی زیباتر و تمیزتر و پیشرفته تر و مدرن تر از هند هست مسلما همه چیش هم گرانتر هست,چرا نباید به استانبول ترکیه سفر کنیم؟,8dORdJ6ONhw,0
استانبول یک دنیاست واس خودش,چرا نباید به استانبول ترکیه سفر کنیم؟,8dORdJ6ONhw,2
به دلار همچین تورمی باشه واقعا وحشتناک هست انصافا خیلی ویدیو باحال و کاربردی بود,تورم وحشتناک ترکیه | بررسی قیمت مواد غذایی و قیمت رستوران در,1tpQqXsEonI,11
اواسط دهه نود میلادی من در همین منطقه زندگی میکردم...اطاق سی متری رو ماهی بیست میلیون لیر یا با واحد فعلی ترکیه، بیست لیر اجاره میدادم. اون زمان یک میلیون لیر(۱لیر فعلی) رو میخریدیم پنج هزار و هفتصد تومان,تورم وحشتناک ترکیه | بررسی قیمت مواد غذایی و قیمت رستوران در,1tpQqXsEonI,6
عالی بچه ها❤,تورم وحشتناک ترکیه | بررسی قیمت مواد غذایی و قیمت رستوران در,1tpQqXsEonI,0
رضا جان دمت گرم بیشتر ویدیو بزار خیلی خوب توضیح میدی ممنون از شما استانبول عالی ❤,تورم وحشتناک ترکیه | بررسی قیمت مواد غذایی و قیمت رستوران در,1tpQqXsEonI,1
موفق وسلامت باشید ❤❤❤❤❤❤ جالب بود ❤❤❤❤❤❤,تورم وحشتناک ترکیه | بررسی قیمت مواد غذایی و قیمت رستوران در,1tpQqXsEonI,0
درود بیکران خدمت داداش رضا و بانو مینا گرامی❤عالی بود.❤,تورم وحشتناک ترکیه | بررسی قیمت مواد غذایی و قیمت رستوران در,1tpQqXsEonI,1
اتفاقا سه ماه ترکیه بودیم .واقعا قیمتا وحشتناک گرون بود.با اینک ما از اروپا رفت بودیم,تورم وحشتناک ترکیه | بررسی قیمت مواد غذایی و قیمت رستوران در,1tpQqXsEonI,3
ماشاالله ماشاالله ماشاالله ماشاالله به شما ❤,تورم وحشتناک ترکیه | بررسی قیمت مواد غذایی و قیمت رستوران در,1tpQqXsEonI,1
مرسى عالى بود گزارش خوبى بود ممنونم,تورم وحشتناک ترکیه | بررسی قیمت مواد غذایی و قیمت رستوران در,1tpQqXsEonI,2
پوشاک هم دقیقا همینطوره به دلار چند برابر شده,تورم وحشتناک ترکیه | بررسی قیمت مواد غذایی و قیمت رستوران در,1tpQqXsEonI,2
رضا و مینای عزیز ویدیو خوبی بود,تورم وحشتناک ترکیه | بررسی قیمت مواد غذایی و قیمت رستوران در,1tpQqXsEonI,0
مرسی از ویدیو، بچه ها من ۱۵ ساله تو انگلیسم تا قبل کرونا تغییرات یا صفر بود یا بسیاربسیار کم، اما بعد کووید ما هم روزانه تغییرات داریم و بدون اینکه حقوقمون خیلی تغییر کنه,تورم وحشتناک ترکیه | بررسی قیمت مواد غذایی و قیمت رستوران در,1tpQqXsEonI,2
د متون گرم که وا قعیت را میگید❤,تورم وحشتناک ترکیه | بررسی قیمت مواد غذایی و قیمت رستوران در,1tpQqXsEonI,4
ممنون از اطلاع رسانی عالی موفق باشید ❤❤❤❤❤,تورم وحشتناک ترکیه | بررسی قیمت مواد غذایی و قیمت رستوران در,1tpQqXsEonI,1
سلام دستتون درد نکنه فوق العاده زحمت کشیدید بسیار اطلاعات کاربردی و خوبی بود,تورم وحشتناک ترکیه | بررسی قیمت مواد غذایی و قیمت رستوران در,1tpQqXsEonI,1
عالی بود مرسی ❤❤,تورم وحشتناک ترکیه | بررسی قیمت مواد غذایی و قیمت رستوران در,1tpQqXsEonI,1
تشکر از زحمات شما واقعا ایران هم تورم وحشتناک هست ولی ترکیه اوضاع بدتره,تورم وحشتناک ترکیه | بررسی قیمت مواد غذایی و قیمت رستوران در,1tpQqXsEonI,1
دمتون گرم . فقط قیمت ماشین و خونه و بیمه و درامد و بنزین و خرج های اصلی مهمتر نیست نسبت ب غذا و مواد خوراکی . از اونا هم فیلم مقایسه شو بگیرید,تورم وحشتناک ترکیه | بررسی قیمت مواد غذایی و قیمت رستوران در,1tpQqXsEonI,2
قبل از جنگ روسیه و اوکراین قیمت ها خیلی خوب بود ولی بعد از جنگ قیمت ها ی دفعه صعودی شد ، ولی برای کسی ک اینجا کار میکنه یعنی درآمد لیری داره قيمت,تورم وحشتناک ترکیه | بررسی قیمت مواد غذایی و قیمت رستوران در,1tpQqXsEonI,2
عالی بود من اهل افغانستان هستم و همه کلیپ های شما را دوست دارم و یکی از بنینده های شما هستم ممنون,تورم وحشتناک ترکیه | بررسی قیمت مواد غذایی و قیمت رستوران در,1tpQqXsEonI,2
خسته نباشید خداقوت,تورم وحشتناک ترکیه | بررسی قیمت مواد غذایی و قیمت رستوران در,1tpQqXsEonI,1
خیلی عالی و دوست داشتنی هستید.. ممنون از برنامه جذابتون...راجع به نرخ کرایه خونه و انرژی هم ویدئو بزارید,تورم وحشتناک ترکیه | بررسی قیمت مواد غذایی و قیمت رستوران در,1tpQqXsEonI,1
اقا یواشتر بدو خانمت خوب هر چی میدوه بهت نمیرسه😮😮,تورم وحشتناک ترکیه | بررسی قیمت مواد غذایی و قیمت رستوران در,1tpQqXsEonI,2
بسیار عالی ، لطفا در مورد قیمت خرید خانه و ماشین هم ویدیو بذارید ممنونم,تورم وحشتناک ترکیه | بررسی قیمت مواد غذایی و قیمت رستوران در,1tpQqXsEonI,2
سلام بر شما. وأي. وأي از تورم كانادا هم قيمتها بالا و تقريبا همه جيز كرانتراز شده. عالي رضا جان خوب توضيح دادي مرسي👏👏👏👏👏👏🌺🌸💚❤️,تورم وحشتناک ترکیه | بررسی قیمت مواد غذایی و قیمت رستوران در,1tpQqXsEonI,3
مینا ارایشت هیلی خوب شد ❤,تورم وحشتناک ترکیه | بررسی قیمت مواد غذایی و قیمت رستوران در,1tpQqXsEonI,1
میناجون چقدر زیبایی❤,تورم وحشتناک ترکیه | بررسی قیمت مواد غذایی و قیمت رستوران در,1tpQqXsEonI,8
مینا جون این مدل مو بستن ونوع ارایش خیلی بهت میا د,تورم وحشتناک ترکیه | بررسی قیمت مواد غذایی و قیمت رستوران در,1tpQqXsEonI,3
اگه ممکنه یه ویدیو از محصولات خوراکی وغذایی تهیه کنین که کدام مارک بهتر وقیمتش مناسبتر هست,تورم وحشتناک ترکیه | بررسی قیمت مواد غذایی و قیمت رستوران در,1tpQqXsEonI,7
0:59 یادش بخیر سال ۸۹ که می رفتم دبی ارزش لیر ترکیه ۲۵ درصد از دلار بالاتر بود. هر دلار تقریباً هر دلار تقریباً 90% لیر بود.,تورم وحشتناک ترکیه | بررسی قیمت مواد غذایی و قیمت رستوران در,1tpQqXsEonI,1
اونا به بهونه تورم هم توبره میخورن هم از اخور,تورم وحشتناک ترکیه | بررسی قیمت مواد غذایی و قیمت رستوران در,1tpQqXsEonI,2
عادیه پول قیمت حقوق پایه چقدره؟,تورم وحشتناک ترکیه | بررسی قیمت مواد غذایی و قیمت رستوران در,1tpQqXsEonI,2
ترکیه از هفتاد سال اقتصادش همین در شرایط اضطراری بوده,تورم وحشتناک ترکیه | بررسی قیمت مواد غذایی و قیمت رستوران در,1tpQqXsEonI,1
‏‪3:35‬‏ ۵۵ لیر شده ۸۰۰ لیر یا خدا,تورم وحشتناک ترکیه | بررسی قیمت مواد غذایی و قیمت رستوران در,1tpQqXsEonI,3
سیگار زمانی که اومدم ترکیه ۲.۵ لیر بود . تقریبا ۱۱ سال پیش . الان شنیدم ۱۱۰ لیر رد کرده .,تورم وحشتناک ترکیه | بررسی قیمت مواد غذایی و قیمت رستوران در,1tpQqXsEonI,0
7:42 👍. ما هر یکی دوسال از امریکا اومدیم ترکیه. مگر ادم مرض داره بیاد ترکیه. 😮,تورم وحشتناک ترکیه | بررسی قیمت مواد غذایی و قیمت رستوران در,1tpQqXsEonI,1
یعنی از آمریکا هم گرانتره ؟,تورم وحشتناک ترکیه | بررسی قیمت مواد غذایی و قیمت رستوران در,1tpQqXsEonI,1
دقیقا درست گفتی مینا جون همسر منم وقتی گرسنه اش میشه سفارش های بیش از حد میده که اخرش هم غذا همیشه اضافه میاد,تورم وحشتناک ترکیه | بررسی قیمت مواد غذایی و قیمت رستوران در,1tpQqXsEonI,1
خوب ‌مردم که از شهر های اروپا به ترکیه سفر می کند یک جور درست می کنند . پس تر ک ها چه جور می رسانند ❤❤❤,تورم وحشتناک ترکیه | بررسی قیمت مواد غذایی و قیمت رستوران در,1tpQqXsEonI,0
مینا جان و آقا رضا مثل همیشه عالی بود فقط اینکه فکر کنم کل دنیا دچار تورم و گردنی شدن بعد از کووید حالا به نسبت بعض ها بیشتر بغضی کمتر 🙏❤❤❤❤❤,تورم وحشتناک ترکیه | بررسی قیمت مواد غذایی و قیمت رستوران در,1tpQqXsEonI,1
در مورد قبض تلویزیون سوالی که دارم این هستش که چه زمانی قبض تلویزیون باید پرداخت کنیم. همین که تلویزیون هوشمند بگیریم باید قبض تلویزیون پرداخت کنیم؟ یا منظور استفاده از اشتراک شبکه های خاص هست؟ و اگر کانال خاصی رو خریداری نکرده باشیم نیازی نیست ماهیانه برای تلویزیون قبض پرداخت کنیم؟ تشکر فراوان. ممنون از کانال خوبتون,ترکیه گران تر هست یا ایران؟ مقایسه هزینه های زندگی ترکیه با ,jDbfV9SURjk,0
داداش توپ تكونت نميده پاره شدم از خنده 😂😂😂,ترکیه گران تر هست یا ایران؟ مقایسه هزینه های زندگی ترکیه با ,jDbfV9SURjk,0
