text,label,source,reason
پرسپولیس❤❤❤❤❤❤,0,youtube_real,real_gold_normal
سروش بجای رفتن و خوشگذرانی در دبی کمی برای آرامش تیم وقت بذاره نه اینکه همبازی باعث درگیری و جنجال با همبازیهاش باشه .,0,youtube_real,real_gold_critique
سرانجام یکی از نوچه های درویش جایش را خواهد گرفت و پروین هم صاحب‌نظر خواهدبود,0,youtube_real,real_gold_sarcasm
ارانوف مسدود اف,0,youtube_real,real_gold_normal
پیروزی حالا حالاها رفت حاشیه ببینید,0,youtube_real,real_gold_normal
جانم همه هوادارای باغیرت پرسپولیس ❤️😍,0,youtube_real,real_gold_normal
❤️👑❤️👑❤️👑❤️👑❤️👑❤️ تبریک به هوادارای خونگرم بهبهان، تبریک به همه پرسپولیسیای ایران ❤️👑❤️👑❤️👑❤️👑❤️👑❤️,0,youtube_real,real_gold_normal
پرسپولیس عشق ❤❤❤❤❤❤ پرسپولیس سرور و سالار ❤❤❤❤❤❤ پرسپولیس همیشه قهرمان ❤️❤️❤️❤️❤️❤️,0,youtube_real,real_gold_normal
زنده باد پرسپولیس ولی دختر آبی؟,0,youtube_real,real_gold_sarcasm
ارتش سرخ اسیا❤💚,0,youtube_real,real_gold_normal
آقای مثلاً گزارشگر اول باید بگویم که همه زبانها وفرهنگ های کشور محترم وقابل احترام می‌باشند ولی وقتی اسم بهبهان گذاشتی جا داشت با چنتا بهبهانی هم مصاحبه کنی نه همه مصاحبه هات واهنگ از برادر های عزیز لر زبان گذاشتی,0,youtube_real,real_gold_critique
دم مدیران پرسپولیس گرم که پول بیخود خرج نمیکنه همینجور ادامه بده,0,youtube_real,real_gold_normal
دمت گرم ایمان جان تکی تک,0,youtube_real,real_gold_normal
این بهترین برنامت بود ،هزارتا لایک داشت,0,youtube_real,real_gold_normal
دمت گرم واقعا ایمان جان عالی بود با قدرت ادامه بده,0,youtube_real,real_gold_normal
😢😢😢 حرف حساب,0,youtube_real,real_gold_normal
دمت گرم واقعا حرف حق رو زدین فوتبال خوبه، بازیکن تیم محبوبت خوبه طرفداریشو کنی و. رو تیمت تعصب داشته باشی منتها تو زندگی ادم نباید برده باشه چه پول چه فوتبال چه هرچیزی,0,youtube_real,real_gold_normal
عیسی بازیکن خیلی خوبیه بازیکن لحظه های طلایی هاست در عین حال باید اینو در نظر داشت که رقابت تو پرسپولیس موندن بسیار سخت و دشوار هست ❤️👑💪🚩,0,youtube_real,real_gold_critique
ایول عالی گفتی یعنی این همه آدم اونجا همشون از قشر ضعیف هسن یعنی شک نکن,0,youtube_real,real_gold_normal
مرسی ایمان جان لایک داری..,0,youtube_real,real_gold_normal
زنده باشی و البته خسته نباشی داداش کدوم قسمت صحبت و اشاره بود ؟؟,0,youtube_real,real_gold_normal
ایمان جان ممنون از صحبتهای درست و منطقی که می‌کنی که چقدر خوب تحلیل کردی ..ازت خواهش میکنم همین آخرین پست قربان زاده رو هم تحلیل کن تا واقعیت آشکار بشه .انشا الله که پر روزی باشی,0,youtube_real,real_gold_normal
اگه گل عیسی به استقلال نبود قهرمان نمیشدیم بفهمید,0,youtube_real,real_gold_sarcasm
درود بر شما تحلیلی درست و شفاف ، دم شما گرم تمام بدبختی جامعه ما را خود مردم رقم می‌زنند . و هیچ انتهایی هم ندارد,0,youtube_real,real_gold_critique
البته هوادار خوب هم داره استقلال ولی,0,youtube_real,real_gold_normal
سلام ایمان جان از استقلال که ناامید شدیم ولی امیدوارم که پرسپولیس قهرمان لیگ آسیا بشه من یک استقلالی دوآتشه هستم ،💙💙💙💙💙💙💙,0,youtube_real,real_gold_normal
تاثیر گذار بود ... غم انگیز,0,youtube_real,real_gold_normal
عیسی بازیکن بازی های بزرگ ه تو بازیهای بزرگ همیشه کارسازه بوده,0,youtube_real,real_gold_normal
هوادار باید هوادار باشه کولی بازی در نیاره فقط بفکر تیم خودشون باشن نه اینکه زورشون بیاد جایی دیگه دارن خوب کار میکنن,0,youtube_real,real_gold_critique
آقا ایمان سوال کردید این تیمهای ریشه دار چگونه نامشون از صفحه روزگار پاک شدن، جواب سوالتون رو اینگونه میدم. هر چی میخوام بحث رو سیاسی نکنم نمیشه. ولی مشکل اصلی حکومت نالایق جمهوری اس لیه که در تمام بنیادها و ارگانها من الجمله فدراسیون ورزش و فوتبال بی کفایتیشون گریبان گیر یک ملت و مملکته,0,youtube_real,real_gold_critique
یکروز و دو روز نیست این مشکل ما ... ما سیصد و شصت و پنج مشکل داریم,0,youtube_real,real_gold_sarcasm
شهاب زاهدی مگه شماره بیست نبود چرا گفتی چهارده,0,youtube_real,real_gold_critique
عیسی حقش بیشتره,0,youtube_real,real_gold_normal
ایمان جان استقلال به خاطره همین مسخره کردن این و اون نفرین شده ان امسال میرن دسته دو بهت قول میدم,0,youtube_real,real_gold_critique
یه دونه ای ایمان جان❤❤❤,0,youtube_real,real_gold_normal
ابتدا گمان میکردیم که این مملکت پادشاهِ دانا میخواهد، بعد اندیشیدیم که لابُد وزیر و وکیلِ دانا میخواهد، و اکنون بفراست دریافتیم که این مملکت، مردمِ دانا میخواهد 🌾 میرزا محمد تقی خانِ فراهانی، امیر کبیر,0,youtube_real,real_gold_critique
دوس داریم عیسی بمونه اما ن با رقم قرارداد، بخاطر بازی خوبش توی اسیا,0,youtube_real,real_gold_critique
ای کاش اصلا انقلابی نمیشد تا اینطور بدبخت وبیچاره بشیم....😂😂😂😂❤❤❤❤❤❤,0,youtube_real,real_gold_critique
منحل بشن بره هیچی جز ریختو پاش نداره😂😂😂,0,youtube_real,real_gold_critique
عیسی اگه پول زیاد میخاد بره بهتره فصل قبل مگه چیکار کرده یکی دوتا گل زده ک اونام شانسی بودن.درکل بازیکن دوستداشتنی هست بمونه بهتره ولی نه ب هر طریقی,0,youtube_real,real_gold_critique
استقلال باید به لیگ دسته دو بره اونجااتفاقابراش بهتره بدونه حاشیه س اونجا,0,youtube_real,real_gold_sarcasm
خاک برسر هوادار وبازیکن افراطی که یکی ازیکی حال بهم زن ترند,1,youtube_real,real_gold_insult
عیسی بازیکن خوبیه شکی نیست ولی این باید بدونه پوشیدن لباس پرسپولیس خودش سی میلیارد براش اعتبار داره از امید عالیشاه باید یاد بگیره بدون چونه زدن تمدید کرد,0,youtube_real,real_gold_critique
لیگ روجم کنن بهتره,0,youtube_real,real_gold_sarcasm
آقا جون از شما بعیده.اینقد سوتی تو گزارش.علیرضا حقیقی با نساجی قهرمان حذفی شده.به نظر من تعداد ویدئو هاتونو کم کنید بجاش پر محتوا و بدون نقص.تو سطح شما نباید اطلاعات غلط به بیننده داده بشه حتی لفظی. با تشکر.ضمن عرض خسته نباشید و دستمریزاد🙋‍♂️👌❤️❤️❤️,0,youtube_real,real_gold_critique
عیسی خانوادگی پرسپولیسی هستن برادرش گفته عیسی جایی غیر از پرسپولیس بازی نمیکنه,0,youtube_real,real_gold_normal
کلا خواست حکومت منحل کردن استقلال هست وگرنه دو تا تیم که هر دو دولتی هستن چطور تو یه تیم این همه مشکل و مدیر بی لیاقت داره ولی پرسپولیس نه ..تنها جرم این تیم تاج بودنش هست,0,youtube_real,real_gold_critique
سوتی زیاد داشتیی😜قهرمانی با نساجی تو لیگ برتر🙄,0,youtube_real,real_gold_critique
دوست گرامی، لطفا وقایع رو تحریف نکنید. آقا کریم کناره گیری نکرد، برکنارش کردند.,0,youtube_real,real_gold_critique
داداش کدوم کشور زندگی میکنی تورم فقط ۵۰ درصدددددد؟؟؟؟ معلومه خودت خرید نمیریا,0,youtube_real,real_gold_sarcasm
چرا میگی پرسپولیس ؟مگه فرق رو نمیبینی ؟چرا انقدر بی انصاف و رنگی صحبت میکنی؟واقعا انقدر ظلم چند ساله به استقلال رو ندیدی؟تیم حکومتی رو قاطی تاج و استقلال نکن.,0,youtube_real,real_gold_critique
واقعا افسوس میخوره ادم از اینهمه نادونی مثل هوادارای استقلال,1,youtube_real,real_gold_insult
عیسی باید طبق قانون باشگاه عمل کنه ..هر چی داره از پرسپولیس از پرسپولیس بزرگ تر نداریم,0,youtube_real,real_gold_critique
ادم با معرفیتی علی منصوریان,0,youtube_real,real_gold_normal
داش علی منصور بینظیره,0,youtube_real,real_gold_normal
از تمام ورزشگاه بايد شكايت كني نه اون دوتا نميخوانت عزت نفس داشته باش هرجا رفتي نتيجه نميگيري,0,youtube_real,real_gold_critique
داش علی کارش درسته💙💙💙🇮🇷🇮🇷💙💙💙,0,youtube_real,real_gold_normal
خیلی آدم مظلومی هست علی آقا منصوریان,0,youtube_real,real_gold_normal
سلطان‌داش‌علی‌منصوریان‌قربون‌مرامش میگه‌تا‌وقتی‌من‌هستم‌بچه‌تو‌نیار,0,youtube_real,real_gold_normal
❤❤بزرگ مرد منصوریان❤❤,0,youtube_real,real_gold_normal
با همه احترام ولی نظر شخصی من اینه که علیمنصور مربی خوبیه و قطعا نتایج درخشانی خواهد گرفت اگه بمونه من خودم پرسپولیسیم ولی تیمش واقعا خوب بازی میکنه,0,youtube_real,real_gold_critique
داش علی عشقی سالاری تو هرکاری قطعان کردی تیمت نتیجه بگیره و نگرفته فوتباله ولی فوحش ناموسی اصلان درست نیست قابل توجه اونهایی که میگن چرا خانمها نمیایند استادیوم بشنوند 💙💙💙💙,0,youtube_real,real_gold_critique
خوزستانی‌ها موقع برد خوبن موقع باخت میشن یزید,1,youtube_real,real_gold_ethnic
از مدل حرف زدن منصوریان این بر میاد ک عمدا داره ی کاری می‌کنه ک خودش استعفا نده و اخراجش کنن کل مبلغ قرارداد رو بگیره,0,youtube_real,real_gold_critique
من پرسپولیسیم ولی داش علی سلطان ادب +کریم باقری,0,youtube_real,real_gold_normal
برو دنبال پيتزا فروشيت كه فحش نخورى,1,youtube_real,real_gold_insult
خب گمشو برو،با کدوم کارنامه داری هرسال تیم می گیری؟!!! وقتی با رابطه بازی دنبال جایگاهی فکر این جاش هم باش… ولی شخصا آدم خوش قلب و دوستداشتنی هستی ….فنی صفر حداعقل تو نتیجه گیری ….,0,youtube_real,real_gold_critique
برادر من اگه مدتهاست نتیجه نمیگیری دستیارت رو عوض کن مشورت کن شاگردی کن.اینکار رفاقت و معرفت ور نمیداره.پول میگیری که ببری تمام,0,youtube_real,real_gold_critique
با‌۲تا‌باخت‌اسمون‌زمین‌نمیاد,0,youtube_real,real_gold_normal
مهمان😂😂😂 بروبابا لااااااشی تیم به گاه دادی اخرفصل برد نساجی نبود. میفتادیم لیگ یک. بیشرف مهمان چی. کی فولاد از ملوان۴تاخورده ۵بازی ۵باخت یک گل ۲۰گل خورده درحد دستیار مربی فولادنوین هستی نه مربی فولادکبیر,1,youtube_real,real_gold_insult
من به عنوان یک هوادار پرسپولیس عرض میکنم چراباید به منصوریان فحش بدن کسی که سالها توتیم ملی زحمت کشیده ویک انسان شریف هستش واقعا متاسفم برای تماشاگران اهوازی اگردوست نداریدباادبیات خوب بگید,0,youtube_real,real_gold_critique
گناه داره بی زبون.خوب صبر کنین,0,youtube_real,real_gold_normal
چ قشنگ گفت ناصرخان حجازی : چیمون پاکه ک فوتبالمون پاک باشه روحش شاد 11:40,0,youtube_real,real_gold_normal
ایمان جان صحبت‌های قلعه نویی نزار حالمون بهم میخوره از بس‌که چرت و پرت میگه،ممنون مثل همیشه عالی❤❤❤❤❤❤,0,youtube_real,real_gold_critique
موضوع مافیای ورزشی بود مثل همیشه,0,youtube_real,real_gold_normal
ایمان جان جان مادرت صحبتهای این شهر نویی نزار,0,youtube_real,real_gold_normal
دمت گرم ایمان جان 👍 به امید موفقیت روزافزون تاج آسیا 💙💙💙💙,0,youtube_real,real_gold_normal
آقا دمت گرم ،ایمان جان ،خسته نباشید,0,youtube_real,real_gold_normal
بهترین تایم ایمان جان ساعت ۱ از سر کار برمیگردیم اخبار شمارو دنبال میکنیم🩵🩵⭐️⭐️🩵🩵,0,youtube_real,real_gold_normal
لطفا از قلعه نوعی و تیم مثلا ملی چیزی نذار دمت گرم,0,youtube_real,real_gold_critique
سلام ایمان جان خسته نباشی 💙,0,youtube_real,real_gold_normal
داداش ایمان لایک شماره 5 رو زدم قربونت,0,youtube_real,real_gold_normal
درود به جناب ایمان گرامی ❤,0,youtube_real,real_gold_normal
ایمان مثل همیشه عالیه ویدو ها فقط یه زحمت بکش هر جای ویدو قرار صحبت های قلعه نوی شروع بشه روی تصویر بنویس مثلا ۵ دقیقه آینده صحبت های قلعه نوی ما بزنیم جلو نبینیمش 🙏🏻,0,youtube_real,real_gold_critique
قلعه نوعی یعنی بلا یعنی همچیز!!!!!!,0,youtube_real,real_gold_sarcasm
راست میکه قلعه نوعی باختن ب قطر خیلی سخت بود ولی به لطف شما ، خیلی راحت انجامش دادید 30:02,1,youtube_real,real_gold_sarcasm
بابا جان مادرت صحبتهای این قندعلی نزار حرف جدیدی که نمیزنه 😢,0,youtube_real,real_gold_normal
با این بازیکنان تیم ملی، اگر باب اسفنجی هم سرمربی تیم ملی بود زودتر از ژاپن و تیم اول آسیا به جام جهانی ۴۸ تیمی می رفتیم.,0,youtube_real,real_gold_sarcasm
هه ربژی❤❤❤❤❤,0,youtube_real,real_gold_normal
ایمان جان مادرت سخنرانی قلعه نویی رو نذار خیلیها روانمون بهم میریزه. قطر نخواست ریسک کنه دیگه وگرنه بازم میتونست بزنه,0,youtube_real,real_gold_critique
تارتار هم جدیدا زیاد زرزر می کنه,0,youtube_real,real_gold_critique
#اخراج #قلعه نویی,0,youtube_real,real_gold_critique
ازچاله دراومدوافتاده توچاه،،خدابه دادمون برسه,0,youtube_real,real_gold_critique
لایک ۱۹۷ مرتضی از UK,0,youtube_real,real_gold_normal
مگه اسم این امیرقلعه نوعی نیست؟چرااسمش به انگلیسی جلوش نوشته اردشیر🤭,0,youtube_real,real_gold_sarcasm
قلعه نویی هم یاد گرفته مثل دولت مردهای ما که میگن زمان شاه فلان چیزنبود ولی الان بعداز ۵۰سال ماداریم الان میگه سخت بود ولی مارفتیم جام جهانی,1,youtube_real,real_gold_sarcasm
چه گزینه خوبی ۴ ۳ ۳ دفاعی😂جکه بخدا ۴ ۳ ۳ به تهاجمی بودنش معروفه.این باش دفاع می کنه.,0,youtube_real,real_gold_critique
‏‪18:05‬‏ تصمیماتی که ایشون رو بگیرن؟؟؟؟؟؟یا تصمیماتی که ایشون بگیرن؟؟واقعا هیچکس سر جاش نیست!!!!😂😂😂😂😂😂,0,youtube_real,real_gold_sarcasm
سلام امیر قلعه نویی خودش یکی باید نگه داره بعدش اون اومده برا تیم امید مربی انتخاب کرده واقعا به کجا داریم میریم ....,0,youtube_real,real_gold_critique
سلام خسته نباشی ...ایمان جان میشه محبت کنی.. این همه زحمت میکشی حرف های این سرمربی تیم میلی رو نزاری بخدا مغز همه درد میگیره از اراجیفش ...ممنون,0,youtube_real,real_gold_sarcasm
#اخراج قلعه نویی,0,youtube_real,real_gold_critique
به نظرم یحیی گل محمدی هم بنجل باید مورایس یا یک مربی خارجی خوب امتحان پس داده که تو فوتبال اروپا سابقه درخشان تو ردهای پایه داشته میاوردن سرمربی تیم ملی میکردن وگرنه با مجتبی حسینی یحیی گل محمدی سعید دقیقی تیم ملی امید به هیچ جا نمیرسید و موزگیرش میومد,0,youtube_real,real_gold_critique
چرا جوون نذاشتی تو زمین میانگین سن۳۰ به بالا بود!!!!,0,youtube_real,real_gold_critique
درود بر شما و تمامی دوستان همیشگی کانال محبوب ایمان اسپرت 🎉🎉🎉 میشائیل کاتیا از Washington DC,0,youtube_real,real_gold_normal
اگه بجای ایران قطربا ژاپن بازی میکرد قطر راحت 4تا میزد,0,youtube_real,real_gold_sarcasm
علیشاه از پرسپولیس رفت؟,0,youtube_real,real_gold_normal
بازیکن هایی که دست شماست جناب گروبان قندعلی بابد قهرمان آسیا بشی واز گروه تو جام جهانی بری بالا محترمانه برو گمشو وبه مربی تیم ملی امید هم کار نداشته باش حب وبغض نکن,0,youtube_real,real_gold_critique
نورافکن بخاطر سو مدیریت استقلال بود ولی دانشگر بخاطر پول جهت عوض کرد چون توافق نهایی شده بود حتی استقلال پیش پرداخت داده بود دیگه همه چی اماده رونمایی بود,0,youtube_real,real_gold_critique
ایمان‌جان اعصاب زدی ها 😂,0,youtube_real,real_gold_normal
گروهبان قندلی جوری از قطر تعریف کرد قطر شد برزیل,0,youtube_real,real_gold_sarcasm
خدا وکیلی کجای قلعه نوعی به مربی تیم ملی میاد نه دانشی نه شعور فوتبالی اخه چجوری میشه,1,youtube_real,real_gold_insult
تنها کسی که با اینده ش بازی کرد محمد حسین صادقی بود ببین کی گفتم فوتبالش تو پرسپولیس نابود میشه,0,youtube_real,real_gold_critique
جناب آقای حب وبغض زحمت بکش از تیم ملی محترمانه برو تمام,0,youtube_real,real_gold_critique
همون جانگوز درسته . ههههههههه,0,youtube_real,real_gold_normal
تو افسانه ها ،اومده ک اینا دارن همچنان میخندن🤣🤣🤣🤣,0,youtube_real,real_gold_normal
وایی اون که گفت خواب بودم همشهری منه از بندر دیّر استان بوشهر 🤣🤣🤣🤣,0,youtube_real,real_gold_normal
وای دلم واسه اون مجری که گریه کرد سوخت,0,youtube_real,real_gold_normal
سیلوم عیزیزوم چیرا نیصف سیبیلت سیفیده اااااااااااا😂😂😂😂😂😂😂😂😂,0,youtube_real,real_gold_normal
تورو خدا موقع ویدیو ساختن این گربه هام بزار کنار دستت نمیدونی چه ذوقی میکنم واسشون من عاشق گربه ام,0,youtube_real,real_gold_normal
1:40 وایییییی گور پدرشون😂😂😂🙌🏽,1,youtube_real,real_gold_profanity
جذابیت ویدیو هات بخاطر وجود خودته چونکه مثل بقیه زیاد حرف نمیزنی و مودبانه رفتار میکنی خیلی عالی بود,0,youtube_real,real_gold_normal
این اخبار های صدا🤣 سیما چه سمی بود عاللللییییَــَ بود دمت گرم 😂😂:///,0,youtube_real,real_gold_normal
عالی بود 😂😂😂کلی خندیدم ☺️🥰 ایشالا که همیشه خندون باشید 🥰❤️❤️,0,youtube_real,real_gold_normal
مردم از خنده 😂 وایی,0,youtube_real,real_gold_normal
سلام دم شما گرم خلی ویدویی هاجالب میزاری من ازبچه هاافغانستان هستم,0,youtube_real,real_gold_normal
دوسداشتنی هستی و پرطرفدار....😂❤👌🌹,0,youtube_real,real_gold_normal
درود بر آرش عزیز ممنون تو این موقعیت خنده رولبای مردم ما میاری خدایی خیلی مودب وکار درستی✌🏻🥰👉🙏🏻👍🏻,0,youtube_real,real_gold_normal
ناموسآدمت گرم😅😅واسه چن لحظه هم عصاب خرابمونو خوب میکنی!درودبرتو 🌹🌹🌹🌹آرش جان 👑,0,youtube_real,real_gold_normal
آقا عالی پر انرژی موادب و باشعور این سبک ویدیو هاتم درجه ۱ هستن عالییی❤️❤️🔥,0,youtube_real,real_gold_normal
فقط بخند 🤣🤣🤣😃🤣😃🤣😅🤣🤣🤣🤣😅😃😂😅🤣😂😃,0,youtube_real,real_gold_normal
خیلی باحالی آرش جان خوش چهره، خوش تیپ، خوش صدا، خوش سخن، خوش اخلاق واقعا بیستین... دمتون گرم,0,youtube_real,real_gold_normal
ایخدا مردم از خنده دمتون گرم😂😂😂😂😂,0,youtube_real,real_gold_normal
سپاس از شما آرش جان برنامه تون جذاب و فوق العادس,0,youtube_real,real_gold_normal
خیلی خوبی😂😂😂خندیدم بعد یه هفته پر آشوب,0,youtube_real,real_gold_normal
واقعازحمت میکشی دمت گرم آرش جون✌,0,youtube_real,real_gold_normal
😂😂😂😂کفوندی همه رو از خنده ..ای وای..همیشه شاد باشید.,0,youtube_real,real_gold_normal
شب حتما شدن ۶ تا😂😂,0,youtube_real,real_gold_normal
فقط اونجاش ک گفت گور پدرشون😂😂,0,youtube_real,real_gold_normal
بهترین خنده ها همونان که لامصب نمیشه بسه ..دمت گرم آرش عزیز ..کاش یه ویدئو ام از این مدلی خنده ها زحمت بکشی بسازی ...لحظه های خوبی واسمون درست میشه ..من که اخر ویدئو کلی خندیدم مرسی,0,youtube_real,real_gold_normal
وای چه سوتی های سمی دمت گرم😂😂😂😂,0,youtube_real,real_gold_normal
خیلی با ادبی آرش 😘😘 آفرین ❤,0,youtube_real,real_gold_normal
خواهشا لایک وکامنت بذارید که حمایت بشه زود به زود کلیپ بذاره,0,youtube_real,real_gold_normal
خیلی باهات عشق میکنم عزیزدل,0,youtube_real,real_gold_normal
3:52 ممنوع الفعالیت که سهله الان باید بریم سر خاکش،بیچاره رو زنده به گور کردن احتمالا,0,youtube_real,real_gold_critique
واااااای چه سوتیهای خنده داری بخصوص این اقاهه میگه درحال حاضرداشتم می اومدم اینقدبچه داشتم😂😂😂😂😂😂😂😂😂😂,0,youtube_real,real_gold_normal
عالی عالی دمت گرم مرسی ارش جان کلی خندیدم😂😂😂🤣🤣🤣❤😘👌🏽👍🏼🙏,0,youtube_real,real_gold_normal
درود بر شما خیلی خنده دار بود 😂😂😂😂مرسی,0,youtube_real,real_gold_normal
دمت گرم واقعاً خنده ب لب های ما آوردی تواین روزهای کرونایی 👏👏👏👏👏,0,youtube_real,real_gold_normal
چقدر خنده دار دادا😂😂😂😂😂😂😂😂😂,0,youtube_real,real_gold_normal
عالی بود آرش,0,youtube_real,real_gold_normal
سلام آرش جان عالی بود 🤩🤩🤩🤩💞💞💞💞💞💞🍀🍀🍀🍀,0,youtube_real,real_gold_normal
بالاخره بعد از سه روز🥳❤😅,0,youtube_real,real_gold_normal
بی نظیری از خودتونه آقای دکتر😂😂,0,youtube_real,real_gold_normal
خیلی عالی بود,0,youtube_real,real_gold_normal
دمت گرم که آخرش عربی گذاشتی شکرااا جزیلا،ازاهواز مزاحم میشم,0,youtube_real,real_gold_normal
عجب سوتی خفنی😂😂😂😂😂👍,0,youtube_real,real_gold_normal
خیلی مودب و باحال هستی. دمت گرم ❤,0,youtube_real,real_gold_normal
خیلی حال کردم دمت گرم 😂,0,youtube_real,real_gold_normal
خودتم بی نظیری 😂😂😂😂🎉 تمومش عالی عالی 😂😂 ممنون از ویدیوهای زیبای شما عالی 😂❤❤,0,youtube_real,real_gold_normal
مرسی،خیلی عالی ❤❤❤💯,0,youtube_real,real_gold_normal
کارت درسته ❤❤❤❤❤❤❤❤,0,youtube_real,real_gold_normal
بابا دمت گرم ایول عاشقتم ارش⁦♥️⁩⁦♥️⁩⁦♥️⁩⁦♥️⁩⁦♥️⁩⁦♥️⁩⁦♥️⁩⁦♥️⁩⁦♥️⁩⁦♥️⁩,0,youtube_real,real_gold_normal
عالی ‌بود‌‌اون‌گور‌پدرشون‌‌‌مجری‌تو‌مشهد‌‌‌‌آخرش ‌بود‌‌دمت‌گم‌‌برنامه ‌‌حرف‌نداره‌😘😘😘😘😂😂😂😂😂😂👑🌹🌹🌹❤❤💙💙,0,youtube_real,real_gold_normal
عالی خیلی عالی بود ممنون داداش,0,youtube_real,real_gold_normal
به به...عالی بود...🤣🤣🤣 واقعا عادل جاش خالیه توو تلویزیون...کاش برگرده دوباره...دلمون هم واسه گزارشگریش، هم واسه نود تنگ شده...☹☹☹☹☹,0,youtube_real,real_gold_normal
خیلی باحالی دمت گرم,0,youtube_real,real_gold_normal
اون مجری آقا که تو برنامه ی زنده نظر یه بیننده رو راجع به محرم و اینا خوند خیلی وقته خبری ازش نیس تو تلویزیون🤔🙄,0,youtube_real,real_gold_normal
دمت گرم عالی هستی,0,youtube_real,real_gold_normal
از خاطرات پشت صحنه مجری های خانم بگید که نمکش بیشتر باشه😂😂😂,0,youtube_real,real_gold_normal
اره دیگه تو شبکه های خارجی نمکه ولی تو صدا سیمای ایران میشه گاف و سوتی,0,youtube_real,real_gold_critique
فقط اونجاش که خانم مجری میکه لی لی خوبی ؟,0,youtube_real,real_gold_normal
خخخخههههههههه,0,youtube_real,real_gold_normal
پژمان مرادی در ایران اینترنشنال چهار روز پیش,0,youtube_real,real_gold_normal
سلام عید نوروز بر تمام فاسی زبانان مبارک,0,youtube_real,real_gold_normal
تلویزیون خوبیه دمتون گرم,0,youtube_real,real_gold_normal
سال نو بر مادران شجاع دادخواه وعزیز میهنم ایران هم مبارک سال سرنگونی رژیم اهریمنی اسلامی 🌹🌹🌹,0,youtube_real,real_gold_critique
تو خودت نمکی نمکدوووون,0,youtube_real,real_gold_normal
خدایا چرا اینا رو نابود نمی کنی؟😅,0,youtube_real,real_gold_sarcasm
لیلی داری منووو لیلی😂😂😂😂,0,youtube_real,real_gold_normal
دمشون گرم بیشترین مخاطب فارسی زبان در سراسر دنیا پاینده باشید ❤️❤️❤️❤️❤️,0,youtube_real,real_gold_normal
اگر این نمک این شبکه است وای بحال پشت صحنه ، خاطرات خانم های مجری . . . ، اخراج شده رو هم پخش کنید ، باور کن اگر پخش بشه رکورد تاریخ شبکه های دنیا رو جابجا میکنید,0,youtube_real,real_gold_sarcasm
در کل بهترین کانال تلوزیونی هستید.,0,youtube_real,real_gold_normal
اشکال نداره فدای سرتون,0,youtube_real,real_gold_normal
احسنت وطن فروشا دورشون جمه,1,youtube_real,real_gold_insult
لیلی هاهاها😂😂😂😂,0,youtube_real,real_gold_normal
الناز کیانی قربونت برم من بیا به اغوشه وطن قول میدم بهترین هارو برات فراهم کنیم نازنینا، ما منتظرت هستیم,0,youtube_real,real_gold_normal
نمره شما بابت تبریک عید به ترکی 20 از بیست می باشد. جالب بود به همه کشور هایی که عید نوروز را جشن می گیرند اشاره کردید بخصوص اسرائیل ولی به جمهوری اذربایجان اصلا اشاره نشد. فکر کنم محمد بن سلمان هنوز از ترک ستیزی دست برنداشته.,0,youtube_real,real_gold_critique
ههههههههههههه واییییییی😂😂😂(به تخمم),0,youtube_real,real_gold_sarcasm
گویندهات‌ن و توصیه کنید کمتر کله پاچه بلومبونن,0,youtube_real,real_gold_critique
یعنی واقعا اتفاقی، در هتل محل مرگ مشکوک قاضی منصوری اقامت داشتی و بعداز سه روز متوجه شدی. شاید هم ماموریتی داشتی. چون شما خود بازجو خبرنگار بودی،,0,youtube_real,real_gold_critique
تنهاخاطره شماخیانت به کشورتون هست که تاابدننگی بر روی پیشانیتون خواهدبود وهرگزفراموش شدنی نیست,1,youtube_real,real_gold_insult
درود بر اهواز از ازربایجان,0,youtube_real,real_gold_normal
بر پدر و مادرشون لعنت,1,youtube_real,real_gold_profanity
واقعا هم دلاوري سلطان خيلي نوكرتيم خداييش خيلي حال ميكنم باهات اقاي دلاوري عشقي زنده باشي الهي اون برنامه ي پلي ٢٣ سال طول كشيده عالي بود خدا برات بسازه,0,youtube_real,real_gold_normal
اینکه چرا باید قیمت خودرو هر سه ماه بره بالا اصلا مهم نیست🤮,0,youtube_real,real_gold_critique
اصن چرا باید قیمت این فرقون ها رو باید افزایش بدین پراید ۸ میلیون به عرض ۲ سال رسیده به ۱۷۰ میلیون,0,youtube_real,real_gold_critique
.چرا باید هر سه ماه خودرو بی کیفیت که حتی کیسه هوای کار نمیکنه افزایش قیمت داشته باشه؟؟؟؟البته چرا نداره چون رانت و بچاپ بچاپ و بخور بخوره ، بیچاره ما مردم,0,youtube_real,real_gold_critique
جناب دلاوری ، همین ک تا همین اندازه قدرت دارین ک حرفتون رو بزنید واقعا عالیِ.,0,youtube_real,real_gold_normal
فقط از خدا میخواهم لعنت کنه کسایی که خودرو را گران کردند من ماشین خودم رو ۳۶ تومان فروختم حالا نمی توانم بگیرم خدا سرنگون کنه اوامل رو...,0,youtube_real,real_gold_critique
مردم الان مطلع بشن مثلا خوب کاریم مگه از دستشون برمیاد ؟! 🤔🧐🧐🧐😂😂😂😂😂😂😂,0,youtube_real,real_gold_sarcasm
انگار نارحتی محری اینه ثه جرا یهو قیمت بالا میره که مردم ناراضی بشن.. کم کم ببرن بالا مردم حس نکنن میره تو پاچشون!,0,youtube_real,real_gold_critique
تا دلار میخواد ارزون بشه اینگته عمل میککند تا از طریق جلوی ارزان شدن دلار رو بگیرند,0,youtube_real,real_gold_critique
آقای دلاوری بخدا خیلی بزرگی و مردمی ....خداوند بهتون عزت بده خداوند بهتون سلامتی بده عزیز دل.👏👏👏👏👏👏👏👏🥀🥀🥀🥀🥀🥀🥀🥀🥀🥀😍😍😍😍😍😍😍😍😍😍,0,youtube_real,real_gold_normal
اشغال ترین خودرو با گزاف ترین قیمت نتیجه انحصاره اقایون دو لپی میخورن پولشم مردم باید بدن,0,youtube_real,real_gold_critique
آقای دلاوری...بپرسید..این خودروهای از رده خارج ساخت داخل ،اساسا ارزش خرید دارند که قیمت گذاری هم میشوند...واقعا تاسف آور است....خودرو پایینتر از محصولات کره ای هزار تومان نمی ارزد...,0,youtube_real,real_gold_critique
سلام خدا حفظ کنه آقای دلاوری رو کاش شما عزیز رئیس جمهور بودی,0,youtube_real,real_gold_normal
ترجمه: میگه یواش یواش بمردم فرو کنید که حالیشون نشه، نه یکمرتبه که دادشون در بیاد,0,youtube_real,real_gold_sarcasm
درود بر دلاور . دوران . ادامه بده . ولی نگرانم ک یه روز نباشی,0,youtube_real,real_gold_normal
چند مجری در این برنامه و مشابه و طبیعت ۳۶۰ درجه فوق العاده اند در کسب هم و کار.. بایست بهره برد از دانششون,0,youtube_real,real_gold_critique
دولت دوتا صندوق داره صندوق ارزی صندوق ریالی تاچندسال پیش دولت یه شوک به دلار وطلا میداد از دست مردم ریال جمع میکرد الان دیگه سقف دلار و طلا پرشده رفتن سراغ خودرو,0,youtube_real,real_gold_critique
اگر همه دست به دست بدند و تحمل كنند و واقعاً هيچ كس نخره اونوقت خواهيد ديد كه چگونه به التماس ميافتند تا نابود نشن.... هيچ مردمى حق اعتراض ندارند زيرا كه هرچى ميكشند مقصر خودشانند.... از سوار كردن حكومتى و ارباب و رهبر و غيره بر خودشان تا موارد ديگر.... پس بسوزيد و بسازيد,0,youtube_real,real_gold_critique
قبل انتخابات یا بعد انتخابات. مسئله اینست,0,youtube_real,real_gold_critique
این پفیوزام سوپاپ اطمینانن فقط,0,youtube_real,real_gold_sarcasm
مدیریت نمیخواهد ارازل چه میفهمند مدیریت یعنی چه یک چفیه ببند میشی مدیر بهمین راحتی.,1,youtube_real,real_gold_insult
مملکت شخمی،هر سه ماه قیمت‌ها به تخمم میشه؟؟؟,0,youtube_real,real_gold_critique
بادرود.میگم این مجری هنوز مشغول بکاره یا نه؟!یعنی هنوز نفس میکشه بنده خدا؟د,1,youtube_real,real_gold_insult
کوتاه ترین داستان غمگین دنیا یک بیت از سعدی است شخصی همه شب بر سر بیمار گریست چون صبح شد او به مُرد و بیمار به زیست (زنده ماند) حال و حکایت مردم سرزمین ماست همه از وضع موجود می نالن اما تا یک پیش فروش پراید میاد همه از هفت قبر میان بیرون سر و دست هم را می شکنند ....,0,youtube_real,real_gold_normal
یه آشغال چرا باید قیمتش بره بالا,0,youtube_real,real_gold_critique
مجید باقری از حراست ایران خودرو تا قائم مقام فروش سایپا !!!!!!!!!!!!!!!!!!!! جالبه,0,youtube_real,real_gold_critique
مردم توصف خریدن من بودم پرایدو میکردم ۲میلیارد,0,youtube_real,real_gold_sarcasm
😂😂😂 همتون اسکولید ، ینی الان مشکل شما اینه ک چرا شورای نمیدونم رقابت و سازمان مربوطه نامه نزده برای تورم سه ماهه اولو دوم ؟؟!!!!!,1,youtube_real,real_gold_insult
این مجری یکی از شیر مردانی است که حامی مردمه...شیر مادرش حلالش,0,youtube_real,real_gold_normal
فلان فلان همه شما با این ویدیوهای مزخرفتان بوگندوها.,1,youtube_real,real_gold_insult
زود رنج شده دیگه بسکه اذیت ش کردن,0,youtube_real,real_gold_normal
اوناییکه دهه 60 هستن میدونن این اقا بهروز وثوقی بعده انقلاب بود ولی اذیتش کردن ک دیگه چهره نباشه حالا تعجبم چرا دعوت اینارو قبول کرد,0,youtube_real,real_gold_critique
بدبحت مجری چیزی نگفت دم مجری گرم اتفاقا اقا سامان کارش درسته,0,youtube_real,real_gold_critique
کلاس جناب پور عرب میگ با کلاس رفتار کنید,0,youtube_real,real_gold_normal
دم استاد گرم، کسی که حرمت یک‌عمر کار هنری رو با لوده‌بازی زیر پا می‌ذاره و جایگاه سوپراستاری مثل ابوالفضل پورعرب رو درک نمی‌کنه همینجور باید در انظار مردم قهوه‌ای بشه، دس‌خوش!👏👏👌✨,0,youtube_real,real_gold_critique
نظرتون درباره پایانش چی بود؟,0,youtube_real,real_gold_normal
به نظر من به موقع تموم شد ! خیلی از سریالای ایرانی با داشتن فصل دوم و قسمت های زیاد از چشم میفتن پایان بندیش رو هم دوست داشتم در کل میتونم بگم اصلا پشیمون نیستم از دیدنش🙂🤩,0,youtube_real,real_gold_critique
واقعا مه لقا باقری هم بازیگر توانمندیه👌,0,youtube_real,real_gold_normal
یادش بخیر اون زمان چقدر هیجان داشتیم براش الان آخر فصل ۴ ایم و گند خورده شده به سریال 😢😂,0,youtube_real,real_gold_critique
اون قسمت گل مرادو خوب اومدی انصافا 🤣😂👌🏾,0,youtube_real,real_gold_normal
دمت گرم خداییش من من فقط با قسمت اخر مشکلم صدای بهنام بانی بود,0,youtube_real,real_gold_critique
واقعا آهنگ بهنام بانی جو رو خراب کرد بعد اصن داره راجب یه چیزه بی ربط میخونه در کل ویدیو هات خیلی باحالن ❤,0,youtube_real,real_gold_critique
به نسبت سریالای ایرانی خیلی قابل قبول بود بنظرم,0,youtube_real,real_gold_critique
سریال خوبی بود و پایان بندی خوبی داشت در کل از دیدنش خوشحالم و جواد عزتی شده سوپر استار بلامنازع سینمای ایران,0,youtube_real,real_gold_normal
جذاب بود واقعا،با صرف نظر از صدای بهنام بانی به نظرم پایان خوبی بود👌,0,youtube_real,real_gold_critique
"فقط ""عزيز دلم ""گفتن منصوره بعد از کشتن مالک :عشق، تنفر، شکستن...",0,youtube_real,real_gold_normal
صحنه‌‌های صحبت مالک و پسرش عالی بودن، عالی... 👌🏻👌🏻👌🏻,0,youtube_real,real_gold_normal
واقعا موافقم بهنام بانی اصلا با اثر سازگار نبود,0,youtube_real,real_gold_critique
کاش بعد از این زخم کاری ۲ و ۳ وجود نداشت,0,youtube_real,real_gold_critique
بهنام بانی خیلی تو ذوق میزد ! مخصوصاً این که ما تو طول سریال یه موسیقی متن تو حال هوای راک داریم,0,youtube_real,real_gold_critique
بهترین سکانسش به نظرم، تشابه با سکانس قسمت اول بود(همونی که سودابه نذاشت مالک از در اصلی وارد خونه ی حاج عمو بشه)و در قسمت آخر هم دیدیم که شهین نذاشت مالک از در اصلی وارد بشه,0,youtube_real,real_gold_normal
ایکاش بشود یک ویدیو کلیپ از اجرای زنده موسیقی متن ببینیم / موسیقی عالی و گیتار برقی اقای مرشد فوقالعاده بود .,0,youtube_real,real_gold_normal
خدایی قدم کوچیکی نبود ، می تونم بگم قدم متوسطه رو به بالا بود بین سریال ایرانی,0,youtube_real,real_gold_critique
به نظرم بهترین بازی میثم تو این 15 قسمت برای قسمت آخر بود,0,youtube_real,real_gold_critique
واقعا سریال فوق العاده ای بود و بهنام بانی نقطه ضعفش بود,0,youtube_real,real_gold_critique
خوشحالم از تماشای این سریال چون بازی های فوق العاده ای توش دیدم,0,youtube_real,real_gold_normal
ااتفافا این که ناصر معامله کرد و منصوره انتقام گرفت بسیار واقعی و براساس شخصیت سازی های سریال بود کار تمیزی بود دمشون گرم کش دار هم نبود,0,youtube_real,real_gold_critique
احسان منصوری یه دونه ای 👏👏👌,0,youtube_real,real_gold_normal
ممنون از راوی محترم 🙏 برای من بسیار خوشایند بود مخصوصاً سکانس پایانی وحق منصوره بود چون روح و روانش از مالک زخم کاری خورده بود.,0,youtube_real,real_gold_normal
1:33 از خنده ترکیدم😂 با نظراتت خیلی موافقم👌,0,youtube_real,real_gold_normal
فوق العاده ای❤,0,youtube_real,real_gold_normal
پیام فیلم و سریال قشنگ بود، اتفاقا صحنه خانواده خوشحال خیلی به جا بود😊,0,youtube_real,real_gold_normal
احسان جان ممنون بابت ساخت این برنامه ، به نظرم پایان بندیش خوب بود و حس سریال ایرانی ها که همه چی به خوب و خوش تموم میشه نبود و حس واقعی داشت ، بر عکس خیلی از دوستان اتفاقا فکر میکنم که عوامل میخواستن هول هولی تمومش کنن و فکر شده بود.,0,youtube_real,real_gold_critique
عاشقش شدم. بهترین سریال ایرانی بود که دیدم.,0,youtube_real,real_gold_normal
دقیقا دقیقا👏👏اصلا صدای بهنام بانی تو قسمت ۱۴ بهش نمیخورد به داستان.,0,youtube_real,real_gold_critique
قشنگ کلید اسرار بود,0,youtube_real,real_gold_normal
اتفاقا من خیلی از اون سکانس ، خانواده خوشحال خوشم اومد که نشون میداد مالک چقد پیشمونه، و ناراحتِ به خاطر این قدرت طلبی هاش...❤️🙏,0,youtube_real,real_gold_normal
احسان جان شما کارتون واقعا درسته👌❤️👏,0,youtube_real,real_gold_normal
واقعا صدای بهنام بانی اصلا به اثر نمیومد پست هاتون مستدام استاد🙏🙏🙏🙏,0,youtube_real,real_gold_critique
3:20 دقیقا یکی این یکی هم آهنگ آخر سریال خیلی تو ذوق زد,0,youtube_real,real_gold_critique
این سریال حرف نداشت از الف تا ی عالی بود 🌹,0,youtube_real,real_gold_normal
من با نظرات شما موافقم و فکر میکنم توی سریال‌های ایرانی جز بهترین ها بوده این سریال. پایان بندی هم توی ذوق نمیزد و تقریبا قابل پیشبینی بود.,0,youtube_real,real_gold_critique
خیلی ممنون ویدئوتون عالی بود؛ تحلیلاتون حرفه ای بود. درکل سریال خوبی بود.,0,youtube_real,real_gold_critique
یه شب منتظر قسمت آخر باش تا آخر ببین بری تو حس سکانس آخر بعد یهو با صدای بهنام بانی بیاد و همه چیو بهم بزنه خیلیا هم درد من هستن,0,youtube_real,real_gold_critique
چقدر تو دوست داشتنی حاج احسان,0,youtube_real,real_gold_normal
تحلیلتون کاملا منطقی و به دور از جانب داری بود👌👌 فیلم خوب اما نه آنچنان جسور به قول خودتون🧐🧐,0,youtube_real,real_gold_critique
سلام احسان منصوری واقعا حرف نداری عاشقتمممم❤️❤️❤️❤️❤️❤️,0,youtube_real,real_gold_normal
اون خانواده ی خوشحال و قاعدتا با سطح پایین تر اجتماعی چرا باید توی ساختمونی ک مالک پنت هوس داره خونه داشته باشن؟؟؟؟؟ منطقی نیس,0,youtube_real,real_gold_critique
تحلیلت خیلی خوب بود پسر عمو 😀,0,youtube_real,real_gold_normal
همچي خوب بود به جز صداي بهنام باني🤦🏻‍♂️,0,youtube_real,real_gold_critique
خیلی پایان غمنگیزی‌بود 🥺🥺🥺🌹ممنونم ا‌ز ویدئوهای جذاب شما🙏👍⁦❤️⁩,0,youtube_real,real_gold_normal
من به کل با شخصیت منصوره مشکل داشتم بنظرم نه حس یه دختر عاشق و درست انتقال میداد نه شخصیت یه دختر زرنگ و آب زیرکاه رو,0,youtube_real,real_gold_critique
سلام پسر سرعتت عالی بود بود,0,youtube_real,real_gold_normal
دقیقاااا،بهنام بانی هیچچچچ ربطی به اون سکانسا نداشت،هیچچچچچ ربطی,0,youtube_real,real_gold_critique
پایانش قابل پیش بینی بود برعکس هر قسمتی که نمی تونستی پیش بینی کنی چی پیش روته,0,youtube_real,real_gold_critique
بالاخره چقدر منتظر بودم که کل سریال رو نقد کنی,0,youtube_real,real_gold_normal
کمترین اثرش این بود که من به کارگردانی مهدویان علاقه مند شدم و از این به بعد کاراشو دنبال میکنم,0,youtube_real,real_gold_normal
خیلی خوب بود هم سریال هم احسان جان,0,youtube_real,real_gold_normal
ناصر تو قسمتای اول در برابر مالک موش بود. حالا تو دو قسمت آخر گانگستر شد,0,youtube_real,real_gold_critique
خیلی عالی آقا احسان 😍😍😍👌👌👌👌👌👌,0,youtube_real,real_gold_normal
8:32 دقیقا مثل سریال های منوچهر هادی ولی مرتضی امینی تبار هم عالی بازی کرد😁,0,youtube_real,real_gold_critique
قبولت دارم اقا احسان منصوری😘 دمت گرم لطفا ادامه بده,0,youtube_real,real_gold_normal
سریال فوق العاده بود و برایِ تفسیر قبلی احسان جان حس کردم نقد تو زیاد شده ولی فوق العاده ای.سریال هم بی نظیر بود...,0,youtube_real,real_gold_normal
ممنون شما واقعا عالی همیشه منتقد باعث پیشرفت میشه,0,youtube_real,real_gold_normal
ببینیم یا نه؟,0,youtube_real,real_gold_normal
ای کاش تو فصل دوم احترام بیشتری به شعور مخاطب میذاشتند 🥲,0,youtube_real,real_gold_critique
در مقایسه با فصل ١ یه فاجعه کامله,0,youtube_real,real_gold_critique
مهران غفوریان جاش واقعا تو این سریال نبود حتی کامبیز دیرباز عزیز هم به نقشش نمیاد. یکسری چیزهایی هم خیلی مسخره بود مثل پیدا کردن مالک توسط دستمالچی با بیل مکانیکی,0,youtube_real,real_gold_critique
از قسمت چهار به بعد خیلی منتظر این ویدیو بودم ،قبول دارم که باید توی لیست نبینیم ها باشه ولی انگار به خاطر زخم کاری ۱ دوست دارم دنبالش کنم با اینکه خیلی از جاهارو میزنم جلو فقط 😬,0,youtube_real,real_gold_normal
واقعا بی نظیر نقد کردین هر ان چیزی که من حس میکردم نسبت به این فیلم و فقط میدونستم که یه. چیزی یه جایی از فیلم میلنگه همرو به وضوح بیان کردی دمت گرم 🌼,0,youtube_real,real_gold_normal
تو این ۵ قسمت هر موقه طلوعی رو دیدیم دکمه سر استین میبست😂😂😂😂,0,youtube_real,real_gold_normal
جدای از تحلیل دقیق و به‌جا و درجه‌یکتون، مثل همیشه حظ می‌برم از اینکه چطور کلمات رو تمام و کمال به خدمت می‌گیرید✨✨,0,youtube_real,real_gold_normal
احسنت، همچنین یه ضعفش اینه که گذر زمان مبهم و نامشخصه که از هر واقعه چه مدت گذشته! و یه مورد دیگه صحنه های تکراری غذا خوردن و سیگار کشیدن,0,youtube_real,real_gold_critique
اسم این فصل رو باید میذاشتن خراش سطحی😜🤔,0,youtube_real,real_gold_sarcasm
اینقدر همه بدن که جواد هاشمی جزو خوبهای‌ سریاله😂. ببینید بقیه دیگه چقدر ضعیفن,0,youtube_real,real_gold_critique
کاش اصلا فصل دومی ساخته نمیشد,0,youtube_real,real_gold_critique
فصل دو شده تبلیغات، بازی های ضعیف اکثر، حذف خوبا، نشون دادن اطلاعاتی ها بعنوان کسانی ک حواسشون هست به همه چیز 😶😶 واقعا مسخره شده مث فیلمای تلوزیونی صداوسیما شده,0,youtube_real,real_gold_critique
همیشه نقد های شما برای دیدن سریال مهم بوده برام🤝🏼 مرسی از نقد های درستتون,0,youtube_real,real_gold_normal
متاسفانه زخم کاری بازگشت من رو یاد سریال های منوچهر هادی میندازه .,0,youtube_real,real_gold_critique
چقدر جملات اخرتون خوب و دقیق بود ... این فصل فاجعه تر از این نمی‌تونست باشه :) با این همه سوتی و اشتباه بدترین کار مهدویان هست,0,youtube_real,real_gold_critique
آقا شما چرا انقدر خوب جزییات را بررسی می کنی ؟؟؟ آخه چطوری میشه انقدر دقیق همه چیز دیده بشه ❤👍👍👍❤️ ؟؟؟ عالی بود,0,youtube_real,real_gold_normal
حالا همه میگیم این چه سریالیه راس میگی احسان،،، بازم تا تهش نگاه میکنیم😉😄,0,youtube_real,real_gold_normal
و چقدر عالي نقد كردين👌اميدوارم روزي برسه كارگردانها به مخاطب احترام بيشتري بزارن با نساختن فصلهاي متوالي بي كيفيت!,0,youtube_real,real_gold_critique
سریال فکر میکنم سانسور زیادی هم داشته باشه چون میثم خیلی سریع با شیدا و سیما اوکی شد واقعا معلوم نشد چطوری انقدر باهم خوب شدن سریع,0,youtube_real,real_gold_critique
واقعا زخم کاری واسه من خیلی مهم بود ، بهش احساس داشتم واسم بهترین سریال ایرانی بود که دوس داشتم به بهترین نحو فصل های بعدیش ساخته بشه پتانسیلش هم داشت حتی میتونست تبدیل به یک برند سریال سازی بشه که از توش اسپین اف های درجه یک دربیاد نه که اینجوری گند بخوره بهش، ای کاش محمدحسین مهدویان صبر میکرد صبر میکرد تا فصل دوم خیلی خیلی بهتری تحویلمون بده ، یک اثر هنری تحویلمون بده نه یک کالا,0,youtube_real,real_gold_normal
به عنوان یک دانش آموز سینما به تحلیل های شما توجه دارم و خیلی استفاده میکنم بزرگوار... نگاه حرفه ای و موشکافانه ای دارید،مچکرم,0,youtube_real,real_gold_normal
شک نکن اکثرا تا آخرش نگاه می‌کنند بعد می بان میگن اصلا نگاه نکردیم,0,youtube_real,real_gold_normal
ستاد مبارزه با ستاد مبارزه کامنت اول😂,0,youtube_real,real_gold_sarcasm
حرفه ای ترین و بهترین نقد فیلم رو در کانال شما و کانال فیلم باز میبینم خدا شما رو واسمون نگه داره,0,youtube_real,real_gold_normal
‏‪10:55‬‏ عجب مثالی زدی... ساختمان ۱۵ طبقه... عالی بود❤,0,youtube_real,real_gold_normal
چقدر جملات آخری که گفتین رو دوس داشتم راجع به ساختمان پانزده طبقه آقا احسان عزیز❤❤,0,youtube_real,real_gold_normal
اقا احسان میشه یک بار ویدیویی بذارید درباره اینکه کدام سریالهای ایرانی، فصل دوم قویتری از فصل اولشون داشتن؟ سپاس,0,youtube_real,real_gold_normal
دقیقا همینطوره اقا احسان و چه توصیف قشنگی کردید سایه هستش همه چی تو فصل دو👌,0,youtube_real,real_gold_normal
کیف کردم ، چقدر نقد و تحلیل هات در کنار خوب و درست بودنشون هنرمندانه تر شده👏🏻❤️,0,youtube_real,real_gold_normal
کاش همون فصل یک تموم میکردن و تو اوج خدافظی میکردن واقعا بعد از چندسال یه فیلم خوب و خاطره انگیز بود ک واقعا خراب کرد با سری دومش☹️منم خیلی ناراحت شدم کاش نمیساختنش,0,youtube_real,real_gold_critique
دمت گرم. منصفانه ترین و حرفه ای ترین نقد,0,youtube_real,real_gold_normal
ممنون اقای منصوری من کلا ۱۰ دقیقه این فیلمو دیدم حالم بهم خورد,0,youtube_real,real_gold_critique
به نظرم توی ایران هر سریالی که ساخته میشه فقط باید توی 1 فصل تولید بشه مرسی بابت تحلیل💙,0,youtube_real,real_gold_critique
اینقدر خوب نقد کردی و نکات مهم گفتی ک ادم دلش میخواد بره ببینه 😅 ولی دمت گرم نمیبینیم 🙌🏻,0,youtube_real,real_gold_normal
چقدر‌خوب‌تحلیل کردین دقیقا همین بود که گفتین,0,youtube_real,real_gold_normal
خسته نباشید🙏,0,youtube_real,real_gold_normal
فوق العاده چقدر خوب وسنجیده تحلیل کردین این سریال رو اصولا تحلیلهاتون با طرز بیان زیبا وکلمات بجا باعث تاثیر چند برابری روی بیننده میشید دست مریزاد اقا احسان ❤❤,0,youtube_real,real_gold_normal
عالی واقعااا،دمت گرم,0,youtube_real,real_gold_normal
نقد بسیار عالی بود اقا کاظم ❤😂,0,youtube_real,real_gold_normal
تو چقدر خوبی پسر ❤ برات دعا کردم هیچوقت سایه احسان منصوری رو نبینیم و همیشه همینطور تو اوج باشی و هیچ اتفاقی تو زندگیت نیوفته که باعث افتت بشه یا مجبور بشیم سایتو ببینیم جای خودت..,0,youtube_real,real_gold_normal
عالی گفتید آقا احسان عالی. کاملا با نظر شما موافقم.,0,youtube_real,real_gold_normal
کاملا موافقم با تحلیل ها و آنالیزهااا تون . من که دیگه نتونستم ببینم و ادامه بدم. فقط چند قسمت دیدم سه قسمت ...,0,youtube_real,real_gold_critique
عالی بود خسته نباشی آقا احسان ❤,0,youtube_real,real_gold_normal
جمله به جمله حق❤,0,youtube_real,real_gold_normal
مثال ساختمون 15طبقه رو زیبا گفتین🔥,0,youtube_real,real_gold_normal
ممنون که بالاخره ما رو با واقعیت اینکه زخم کاری دو واقعا ارزش دیدن ندارد رو در رو کردی که با این کنار بیایم که اون چیزی که فکر میکردیم نیست و مجبوریم 😢 بذاریمش کنار,0,youtube_real,real_gold_normal
درود، هر بار خواستم فصل دوم و ببینم ، گفتم اول نظر کارشناسانه شما رو ببینم بعد . خوشحالم که قبل از دیدن فصل ۲ شما رو شنیدم و وقتم و هدر ندادم. چقدر خوب نقد میکنید. با صدای بشدت جذاب .سپاس,0,youtube_real,real_gold_normal
هر آنچه راجب فصل اول و دوم گفتید کاملا درست،تحلیلتون راجب فصل دوم هم واقعا درست بود و موافقم مخصوصا چیزی که در مورد فیلمنامه گفتید,0,youtube_real,real_gold_normal
منتظر این ویدیوت بودم😍😍😂,0,youtube_real,real_gold_normal
خیلی با دقت و عالی بررسی کردین واقعا لذت میبرم از کانالتون❤,0,youtube_real,real_gold_normal
احساس میکنم فیلم نامه یک رو دادن به هوش مصنوعی گفتن فصل دو رو بنویس,0,youtube_real,real_gold_sarcasm
اقاااااا نمیخاااااام. من دوس دارم فصل دو رو😢😢😢,0,youtube_real,real_gold_normal
عالی بود نقدت احسان جان مرسی که حرف دل مارو به این سادگی بیان میکنی ❤,0,youtube_real,real_gold_normal
دقیقا همینه که میگی آقا احسان ❤❤,0,youtube_real,real_gold_normal
آقا احسنت دمت گرم,0,youtube_real,real_gold_normal
به نام خدا سوالت خیلی پیچیده بود,0,youtube_real,real_gold_normal
شما هم مخالف زخم کاری هستید یا اینکه دوستش دارید؟؟؟؟؟,0,youtube_real,real_gold_normal
فراستی صادقه و بی پرده و این برا منتقد خوبه❤,0,youtube_real,real_gold_normal
شما بی نظیرید استاد🙏🌹,0,youtube_real,real_gold_normal
درجه یک بود بینظیررررر و عالی بود نقد این برنامه,0,youtube_real,real_gold_normal
شکر خدا وخوشبختانه فراستی علاوه بر دانش و تجربه اش، فاسد نیست. واین فوق العاده است.,0,youtube_real,real_gold_normal
وااااای درخت گردو، چقد ضجه زدم واسه اون فیلمش,0,youtube_real,real_gold_normal
مائده و میثم بزرگترین مشکل این سریال بودند . محدودیت ها هم انقدر زیاده که دست هر فیلمنامه نویس و کارگردانی رو میبنده و مقایسه سریال ایرانی رو با نمونه خارجی خنده دار میکنه .,0,youtube_real,real_gold_critique
درود استاد فراستی,0,youtube_real,real_gold_normal
آقای استاد فراستی خیلی شمارو دوست دارم ❤❤❤❤❤❤❤❤❤❤❤❤❤❤❤❤❤❤❤,0,youtube_real,real_gold_normal
ممنون بابت گذاشتن همچین نقد خوبی,0,youtube_real,real_gold_normal
كلا خوش ساخت بود و تقاص فقط تو فيلمها هست نه تو دنيا !!!!!!!!!!,0,youtube_real,real_gold_critique
اقای فراستی لطفا ریش را کمی کوتاه کنید . هر چقدر ریش بلندتر شود عقل کمتر میشود . لطفا فضولی بنده را با ض ببخشید که باعث کبر و غرور ما شده . ❤❤ Way to go,0,youtube_real,real_gold_sarcasm
اسم نویسنده کتاب بیست زخم کاری محمود حسینی زاد است. 8:04,0,youtube_real,real_gold_normal
سریال رو دوست داشتم چون پتانسیل بسیار بسیار بالایی داشت ولی متاسفانه در پایان قسمت اول زخم کاری با تمام پتانسیل هاش مرد و فصل های دیگه به کلی یچیز دیگه است انگار یکی دیگه ساختتش,0,youtube_real,real_gold_critique
ممنون که این قسمت ها رو در کانالتون قرار میدید,0,youtube_real,real_gold_normal
بي خياله مكبث اين در اصل خاسته سريال توركي فرم در بياره مخاطب جذب كنه,0,youtube_real,real_gold_critique
عشق من،، آقا مسعو فراستی، 👌👌👌👌🌺🌺🌺🌺👏👏👏🌹🌹🎬💓💓💓🥀🥀🥀🎞️🎥🎞️🎥🎞️🎥🎞️🎥🌾🌾🌾🌾🌾🌾🌹🌺🌹🌺🎬🎥🎬🎞️🎬🎞️👏👏👏,0,youtube_real,real_gold_normal
اقلا یکی رو هم بیارید .دفاع کنه ...سه نفر افتادین دارین زخم کاری رو جر میدید ....,0,youtube_real,real_gold_critique
عاشق فراستی ام 👌🏻👌🏻👌🏻,0,youtube_real,real_gold_normal
طرح کلی ،سوژه وتاحدودی متن قابل قبول بود وکارگردانی هم مقبول بود ازحیث فرم و ساختار و تصویر برداری هم مقبول بود اما مشکل اساسی انتخاب بازیگران بود به خصوص جواد عزتی که باهم تلاشی که کرد نتوانست درخشان باشد اما درکل سریال قابل قبولی بود...استفاده از بازیگران کمدیک در نقشهای جدی فاجعه می آفریند برای همین زخم کاری با وجود محاسن اش نمره متوسط میگیرد....,0,youtube_real,real_gold_critique
همینا هادی و هدی نمیتونن بسازن داخل ایران,0,youtube_real,real_gold_critique
فراستی بینظیره,0,youtube_real,real_gold_normal
ممنون از اقاى فراستى،و ميمان جديد,0,youtube_real,real_gold_normal
لطفا coda هم وقتی نقدش اومد آپلود کنید ممنون ام,0,youtube_real,real_gold_normal
آقا دم‌تون گرم.. خوب حق این بی‌بته‌های بالاآورده‌شده توسط سرمایه‌های حرام رو گذاشتید کف دست‌شون..,1,youtube_real,real_gold_insult
سابسکرایب کردم و منتظر قسمت های بعد هستم,0,youtube_real,real_gold_normal
ربطی ب زخم کاری نداره،مشکل مهدویان وام گرفته و سفارشی ساز که به اون پشتوانه رباوار حالا میخواد فیلمی از جنس مخاطبین عکس کارای قبلیش بسازه,0,youtube_real,real_gold_critique
آفرین این صفحه را ادامه بده,0,youtube_real,real_gold_normal
من کلا با این نگرش مشکل دارم که ثروت بد هست ، چه دلیلی داره که میخوان فیلم ساز را با نشان دادن اینکه ثروت بد هست و نهایتا بدبختی مباره تبرعه کنند اگر واقعا فیلم ساز و کارگردان میخواهد تبلیغ ثروت را بکند که خیلی هم عالی مگر ثروت چه بدی دارد چرا همه افراد ثروتمند را میخواهند بد نشان دهند !!!!!!!!!!!!!!!!!!!!!!!,0,youtube_real,real_gold_critique
منتظر قسمت های بعد تون هستم,0,youtube_real,real_gold_normal
کدا تاریخ انتشارش برای دو سال و نیم قبل به نظر خیلی عجیب میاد کسی مثل اقای فراستی که سمبل ادعا در عرصه سینما هستن تازه الان هیجان زده دیدن فیلم شدن,0,youtube_real,real_gold_critique
درود بر فراستی,0,youtube_real,real_gold_normal
"خوب است این استاد جوان هم بنظر حرفه ای و متعهد میان ۲- آیا منظور از ""سمپاتی""، سیمپفی( sympathy)((درک حسی-معنوی؟؟)) است؟ و ""سمپات"" همون کسیه که درک حسی رو رقم میزنه؟ -اگه نه ک خوب متوجه نشدم. سمپاد چیچی یس اقا؟🗣🗣 -OUT 36:25",0,youtube_real,real_gold_normal
زخم کاری رو من دوست نداشتم,0,youtube_real,real_gold_critique
فراستي بامزه است 😂,0,youtube_real,real_gold_normal
حیف وقت بزاری این سریالو ببینی حیف,0,youtube_real,real_gold_critique
واقعا زخم كارى چرت و پرت ترین سریال تا الان من دیدم,0,youtube_real,real_gold_critique
سه تا چلقوز نشستن نقد میکنن اخه احمق ما تو ایران با این همه محدودیت چنین سریالی ساختن بعد اینا میان در حد بزرگ‌ترین فیلمهای دنیا نقدش میکنن انگار اسکار فیس نقد میکنن,1,youtube_real,real_gold_insult
خیلی دوزاری بود زخم کاری,0,youtube_real,real_gold_critique
من عاشقه آقای استاد فراستی هستم و حرف را قبول دارم این سریال زخم کاری خیلی آشغاله اصلا بازیگران زخم کاری خیلی آشغال و داغون و بدردنخورن سریال زخم کاری دوزاری ترین و آشغال ترین سریال دنیا ست 🤬🤬🤬🤬🤬🤬🤬🤬🤬🤬🤬🤬 خیلی آقای استاد فراستی حرف درستی می زنه خیلی استاد فراستی مرد خوبیه عشق من استاد فراستی,1,youtube_real,real_gold_insult
❤❤❤مجتبی دفاع خوب کشورمان روح مادر شاد🖤,0,youtube_real,real_gold_normal
خدابیامرزه مادرش رو روحش شاد ،مادر یعنی همه چی,0,youtube_real,real_gold_normal
من تاجی هستم. ولی یادش بخیر زمانی که رقیبها قدرت و شخصیت داشتند و زمین چمن سبز بود نه قهوه ای,0,youtube_real,real_gold_normal
مجتبی با تعصب وتکرار نشدنی ❤❤❤,0,youtube_real,real_gold_normal
😢😢😢 مجتبی خان خیلی دوستت دارم . فراموش نمی کنم که چه خاطرات قشنگی برای نسل ما ساختی . می بوسمت بهترین دفاع چپ ایران تا همین الان . 🙏🙏🙏🙏 . در غم مادرت شریک غمتم و برات سلامتی آرزو می کنم .,0,youtube_real,real_gold_normal
... و تشکر و سپاس از تی وی پلاس که یادی از یک بزرگ خاطره انگیز کردند .🙏🙏,0,youtube_real,real_gold_normal
۸ افسانه ای .عشق دهه شصتی ها ❤❤❤❤❤❤❤❤,0,youtube_real,real_gold_normal
یه دونه ای مجتبی,0,youtube_real,real_gold_normal
دولت یا نهادها مهم نیست باید همبازیا و هم دروه ایهای محرمی بفکرش میبودن,0,youtube_real,real_gold_critique
افراطی ترین. آبی. نمیتونست تو رو دوست نداشته باشه. شما عشق رو ب بدترین زمان زندگی ما تزریق کردید.,0,youtube_real,real_gold_normal
فقط ۸ مجتبی اریک کانتونا ❤❤❤❤❤❤❤❤,0,youtube_real,real_gold_normal
فقط ۸ رو عشقه مجتبی محرمی بازی اث میلان بعد چن سال فقط به عشق قدیمیا مخصوصا محرمی رفتم استادیوم,0,youtube_real,real_gold_normal
توفوتبال پله.زیکو.مسی.رونالدو.داره تو ایران هم محرمی داریم برید نگاه کنید بازیشو یه بازیکن تمام عیار.ادمای قد کوتاه قد بلندرو میزنند اونهم به نامردی مجتبی عاشقتم.تا نسوزی نمیفهمی ما سوختیم مراقب جوانان باشید,0,youtube_real,real_gold_normal
خدا مادرتو بیامرزه 8 ابدی اسیا,0,youtube_real,real_gold_normal
خواهشا به علی پروین : پرسپولیس ،،،،بگید سلطان 😅❤❤❤❤❤❤❤❤❤❤❤❤❤,0,youtube_real,real_gold_normal
دیگه مثل مجتبی محرمی نمیاد..... تک بود.... فوتبالیستی نابغه و باهوش و با تکنیک.... ساده دل و یک روو....,0,youtube_real,real_gold_normal
چقدر سخته که مجتبی محرمی رو تواین شرایط دید,0,youtube_real,real_gold_normal
هزاران حیف .....,0,youtube_real,real_gold_normal
باید دستو پاهاشو ببندند ریشاشو بزنند، بدون ریش خیلی خوشگله. آقا مجتبی محرمی اسطوره‌ همیشگی ، مردی بزرگ هم در زمین بازی و هم در اخلاق. بزرگترین چپ ایران و آسیا تا ابد❤❤❤,0,youtube_real,real_gold_normal
اسطوره حیف شما نیست با این مجری نچسب همصحبت شدین .پیراهن آبیش معلوم 6تاییه,1,youtube_real,real_gold_insult
مردم دوستت دارن وقلعه نوعی یه تارموت نمیشه چون اهل.لابیگری نبودی,0,youtube_real,real_gold_normal
ایشون مشخص هست که اعتیاد داشتند یا دارند، قرص آسایشگاه که دندونهای آدم رو اینطور نمیکنه. اصلا فرهنگ صحبت و تفکر ایشون متعلق به یک انسان معتاد هست. البته اعتیاد جرم نیست و مریضی روحی و جسمی هست و بس,1,youtube_real,real_gold_insult
کلاغ مثه من عمر میکنه ،ببخشید لاکپشت 😅😅😅😅😅😅,0,youtube_real,real_gold_normal
اونجا ک باباش میگه بخدا ما ذاتمون خراب نیست❤️,0,youtube_real,real_gold_normal
من استقلالی هستم ولی اینقدر این پسر گل هست که برای اولین بار مصاحبه یک پرسپولیسی رو تا اخر نگاه کردم,0,youtube_real,real_gold_normal
تو دنیایی که همه رنگ عوض کردن تو یه رنگ ترینی مملی.دوست داریم پرسپولیسی با وجود,0,youtube_real,real_gold_normal
با اختلاف متفاوت ترین، عجیب ترین و قابل تامل ترین مستند فوتبالی😍😍 کاش گروه فوتبال 360 برای بیشتر دیده شدن این مستند در فضای مجازی تبلیغ بیشتری کنه,0,youtube_real,real_gold_normal
لذت بردم با اینکه استقلالیم❤💙,0,youtube_real,real_gold_normal
من یک استقلالی هستم ولی واقعا عاشق این پسر باادب و با معرفت شدم مگه داریم همچین آدمی من باورم نمیشه دمت گرم پسر خواهش میکنم همین جوری بمون تو نیایی که آدما بابدست آوردن یک موفقیت کوچیک گذشته خودشونو فراموش میکنن توهمین جوری بمون الگوباش برای بقیه💙💙💙,0,youtube_real,real_gold_normal
مرسی بابت تهیه مستندی به این جذابی,0,youtube_real,real_gold_normal
چه مستندی و چه پسریه این مملی دمش گرم♥️ از طرف یه تراکتوری🚜,0,youtube_real,real_gold_normal
من استقلالیمو اصلا حال نمیکردم باهاش چون نیومد استقلال ولی عشق کردم الان که زندگیشو دیدم واقعا بچه مشتی و خاکی و با معرفته،خیلی حال کردم باهاش💙❤,0,youtube_real,real_gold_normal
مملی با معرفت ، عاشقتم از استقلال کاشکی همه مثل تو یه نگاهی به عقبشون مینداختن و اصالت و معرفت خودشونو نفروشن ، دوست داریم ❤💙❤️💙❤,0,youtube_real,real_gold_normal
چقدر به خودم میبالم واس همچین پسر خاکیی ،عاشقت شدن یه ملت,0,youtube_real,real_gold_normal
شماره 7 بعدی پرسپولیس لهجه‌ی طهرونیتو عشقه♥️,0,youtube_real,real_gold_normal
مملی با همین طرز تفکر پیش بری، اسمت میره جز اسطوره های پرسپولیس.,0,youtube_real,real_gold_normal
محمد دو تا داداش هم داره، حمید و امید یکی از یکی گل تر با شخصیت تر ، وحتی فوتبالیست تر کاش دنیا پر بود ا ادم های مثل این خانواده 🙏❤,0,youtube_real,real_gold_normal
بهترین ویدیو کانال بود با اختلاف,0,youtube_real,real_gold_normal
محمد خدا بنده لو عزیز ، همه ایران رو عاشق خودت کردی پسر با مرام و با معرفت پرسپولیسی ، بهت افتخار می‌کنیم ، چه مادر مهربونی، چشام پر از اشک شد که چقدر سختی کشیده از راه دور دست مادر مهربون و فداکارت میبوسم و آرزوی سلامتی‌ و خوشبختی‌ برای همه مادران زحمتکش و فداکار را دارم. سیروس از سوئد 👋👋👋❤❤❤,0,youtube_real,real_gold_normal
این پسر غیرتمند رو با بیرانوند مقایسه کنین تا مشاهده کنین اصالت یعنی چی!,0,youtube_real,real_gold_normal
خارج از اینکه استقلالی ام مملی زندگی منو متفاوت کرد، خدابنده لو پهلوان زمین چمن با همین فرمون برو جلو دمت گرم 💙💙💙💙,0,youtube_real,real_gold_normal
ماشالا به مملی با غیرت❤️ایشالا تو پرسپولیس کاپیتان بشه و تو همین تیم بازنشسته بشه🩸🧿,0,youtube_real,real_gold_normal
کاری به رنگ تیم ندارم چقدر عشقه این پسررر چقدررر گله😍😍ادم عشق میکنه💙ایشالا دنیا هیچوقت باهاش کاری نکنه از خوب بودنش پشیمون بشه چقدرر مشتین این خانواده به هرچی برسین حلالتوننن,0,youtube_real,real_gold_normal
آفرین به تهیه کنندگان این فیلم آموزنده و با کیفیت۔ با شناساندن افرادی مثل محمد خدابنده لو، شخص به ایرانی بودن خودش با داشتن چنین افرادی افتخار میکنه۔ با تمام مشکلات زندگی و خانواده، محمد جوانی با غیرت و سالم بار آمده۔ خدا او را برای ایران و ایرانی حفظش کنه۔,0,youtube_real,real_gold_normal
کیف کردم با مملی ❤تنش سلامت باشه امیدوارم بهترین ها براش اتفاق بیوفته,0,youtube_real,real_gold_normal
فکر کنم الان که این مستند پخش شده خیلیا بیشتر شناختنت و بیشتر از قبل دوست دارن ولی از روزی که اومدی پرسپولیس یک حس متفاوت بهم دادی و متوجه شدم چقدر انسان خوش قلبی هستی،قلبی دوست دارم امیدوارم تو تک تک مراحل زندگیت چه فوتبال چه خارج از فوتبال بدرخشی پسر پرسپولیسی❤❤❤,0,youtube_real,real_gold_normal
من استقلالیم ،،ولی از ته دل به این پسر هم وطنم افتخار میکنم،و دوست دارم روز به روز پیشرفتشو ببینم,0,youtube_real,real_gold_normal
پسر با غیرت تو آینده نزدیک اسطوره بزرگی خواهی شد پس مثل همیشه و پر قدرت ادامه بده🙏🙏🙏,0,youtube_real,real_gold_normal
چقدر این پسر صداقت داره امیدوارم همینطوری خوب بمونی ❤❤❤❤❤❤❤❤❤,0,youtube_real,real_gold_normal
ما خانوادگی استقلالی ب دنیا میایم ، این مستند رو اتفاقی دیدم و بسیار جا خوردم از حال و هوای هم محلیه ای هاشون و خود آقای خدابنده لو ، لطفاً همونطور که خودتم گفتی همینجوری بمون و پیشرفت کن ، بسیار عالی بود مستند . ایشالا بری تیم ملی هم محلیه ای هات و خانوادت بیشتر افتخار کنند . از طرف یه استقلالی 🎉,0,youtube_real,real_gold_normal
مملی‌کارس‌درسته. خیلی وقت بود کسی با این تعصب و انرژی نداشتیم. این بچه با جون و دل پرسپولیسیه. داداش تا ابد بمون تو تیم. همیشه پرچمت بالاست🔥🔥🔥🔥,0,youtube_real,real_gold_normal
چه مستند درجه یکی ... مملی خیلی خیلی بیشتر از قبل دوستت داریم ما هواداران پرسپولیس ❤❤❤❤❤❤,0,youtube_real,real_gold_normal
به‌عنوان یک استقلال چهار آتیشه عاشق محمد خدابندلو شدم دمت گرم که گذشته خودتو فراموش نکردی 💙💙✌️,0,youtube_real,real_gold_normal
چ فدر تو گلی ممد آقا خدابنده لو آرزو بهترین ها رو داریم ایشالا قهرمانی تو آسیا با پرسپولیس بزرگ ❤❤❤❤❤❤,0,youtube_real,real_gold_normal
مملی گل ، محبوب همه ایرانی ها . آبی و قرمز دوست دارن عزیز 💙,0,youtube_real,real_gold_normal
خدایی مستند قشنگی بود ممنون ازتون ❤❤❤❤❤❤,0,youtube_real,real_gold_normal
انقدر گریه کردم تا اخر فیلم بخدا اخراش صفحه گوشی رو نمیدیدم 😢😢😢خدا یا شکرت داش ممد چقدر خوشحالم برات و خانوادت ❤❤❤,0,youtube_real,real_gold_normal
حلالت باشه تنها بازیکن پرسپولیس که خیلی باهاش حال کردم❤️,0,youtube_real,real_gold_normal
از اول این مصاحبه اشک. ریختم تا آخر قربون دلت مملی😭😭❤️❤️❤️❤️,0,youtube_real,real_gold_normal
چقدر بیش از پیش به مملی علاقه‌مند شدم… امیدوارم با بازوبند کاپیتانی پرسپولیس ببینمت و از این مهم تر تو کسی باشی که جام قهرمانی آسیا رو برای پرسپولیس بالا ببری 💪🏼❤️,0,youtube_real,real_gold_normal
هزار آفرین به تیم فردوسی پور بابت ساختن چنین مستند زیبایی . باز هم جای خالی فردوسی پور احساس میشه و صد افسوس دم این جوان صادق و باشهامت و دوست داشتنی گرم به امید پیشرفت روزافزون این بزرگ مرد غیرتمند ❤❤❤,0,youtube_real,real_gold_normal
واقعا صادق و رک هستش و خوش قلب. برای همین خدا کمکش کرده. از همه مشکلات زندگیش میگه حتی اعتیاد پدرش، فقر خانواده، خیلیها هیچوقت این مشکلات زندگیشون را هیچوقت بیان نمیکنند ولی مملی و خانواده از روی صداقت همه مشکلات را بیان کردند,0,youtube_real,real_gold_normal
علی بیرو یکم از این پسر یاد بگیر. ادم باش شرف داشته باش. دمت گرم مملی کوه غیرت و معرفتی,1,youtube_real,real_gold_insult
در دنیایی میشود مملی باشی ، بیراوند و رضاییان نباش 👍,0,youtube_real,real_gold_sarcasm
مملی عشق یه ملت ❤ با تعصب خوش قلب ساده و خاکی بامرام ❤ با غیرت ❤ همه چی تمومی پسر ❤ مملی,0,youtube_real,real_gold_normal
وجدانا آدم به اون بالاها برسه ولی بازهم همون مرام وشخصیت ومنش رو حفظ کنه خیلی سخته نمونه بارزش رامین رضاییان بیرانوند وخیلی های دیگه اینجا معلوم میشه که محمد خدابنده لو واقعاانسان شریفی هست وهم باوجودهست هم قلب مهربونی داره❤❤❤زنده باد پرسپولیس❤❤زنده مملی❤❤❤❤,0,youtube_real,real_gold_normal
یکی از بهترین بیوگرافی هایی که دیدم ، دم مملی و بچه محلاش گرم 👊🏽,0,youtube_real,real_gold_normal
اولین باره که محتوای ۳۶۰ و لایک می‌کنم دل خوشی هم از عادل ندارم، ولی این به یاد ماندنی‌ترین مطلبی بودکه تا روزی که زنده ام از یاد نخواهم برد. ممنونم از تیم ۳۶۰ ، . مملی خیلی مراقب خودت باش و همین‌جوری شریف و دوست داشتنی بمون لطفا 💓,0,youtube_real,real_gold_normal
با اختلاف صادقانه ترین و دلنشینترین تعریفی ک یکی از زندگی خودش میکنه,0,youtube_real,real_gold_normal
جنوب شهر و معرفت و غيرت و خانواده و اعتياد و خلاف و دعوا و تلاش و بدبختي اگر نتيجه اش بشه موفقيت و رسيدن به جايگاه خوب خيلي لذت بخشه. دمت گرم پسر,0,youtube_real,real_gold_normal
خدا رو بنده بودی و موفق شدی پسر 🌷,0,youtube_real,real_gold_normal
دمت گرم که هنوز پایِ پدر مادرت وایسادی، دمت گرم که اینقد خاکی و خودمونی هستی‌، ادا در نمیاری ، هنوز اصالتت حفظ کردی و یادت نرفته از کجا امدی، خلاصه که مملی جون، پسرِ پرسپولیسی، دوست داریم ❤❤❤,0,youtube_real,real_gold_normal
از رشت باران استقلالی درودمیفرستم ب مملی باغیرت باتعصب دمت گرم باعشق❤,0,youtube_real,real_gold_normal
بسیار تکان دهنده بود..انگار زندگی خودمو مرور کردم,0,youtube_real,real_gold_normal
برای اولین بار یک ‌کلیپ عالی بدون کوچکترین دستکاری تو یوتیوب دیدم.واقعا ممنون از سازنده و تهیه کننده این مستند واقعا دستخوش ❤🌹🇮🇷🇮🇷🇮🇷🌹❤,0,youtube_real,real_gold_normal
فکر نمی‌کردم هنوز همچین آدم‌هایی وجود داشته باشن؛ چقدر این آدم مشتیه‌ خدا بهت سلامتی بده امیدوارم تو فوتبالت خیلی پیشرفت کنی و ۱ روز کاپیتان پرسپولیس بشی چون به تو می‌رسه مشتی❤,0,youtube_real,real_gold_normal
مملی گل امیدوارم همیشه موفق باشی و همراه بقیه بازیکنای باغیرت پرچم پرسپولیس رو مثل همیشه بالا ببرید❤❤❤,0,youtube_real,real_gold_normal
33:50 همونجور که ذات بد نیکو نگردد چون که بنیادش بد است،ذات خوب هم بد نمیشه اگه تمام دنیا بد بشن❤❤❤,0,youtube_real,real_gold_normal
مملی به مولا عشقی❤😘,0,youtube_real,real_gold_normal
عشق یعنی این❤❤❤❤مملی محبوب ما هوادارا,0,youtube_real,real_gold_normal
واقعا پسر مودب و بی نقصی هستش❤❤❤❤❤❤❤❤❤,0,youtube_real,real_gold_normal
بهترین مستند فوتبالی ایرانی که دیدم واقعا همین بود❤❤,0,youtube_real,real_gold_normal
عالی بود ، ازدل بود ‌به دل نشست، امیدوارم هوای مملی هارو بیشتر داشته باشیم❤❤❤❤,0,youtube_real,real_gold_normal
آقای تاج هرزمان بوی پول به مشامش می‌خورد پيداش می‌شه و هر زمان‌ که‌ گند می‌زند قلبش می‌گیره 😂😂,1,youtube_real,real_gold_insult
لطفا فوتبال برتر را کامل بذار هر هفته. رو دمت گرم,0,youtube_real,real_gold_normal
انگار این آدم وقیح یکاره بزرگی کرده برا ملت و خیلی افتخار داده اومده جواب سوال خیایانی رو میده و شرمنده کرده خیابانی هم خیلی ذوق کرده .خیابانیه ابلح,1,youtube_real,real_gold_insult
زحمت کشیدی معذرت خواهی کردی 😂,0,youtube_real,real_gold_normal
میگه هیچکس نمیتونه ادعا کنه توی انتخابات برنده میشود، بله نمیتونه، ولی یکی مثه تو همه رای هاشو خریده حالا چه دوستی با رای دهنده ها چه زیر لفظی,0,youtube_real,real_gold_sarcasm
اين آقا اینقدر از بالا به‌ پائین نگاه می‌کنه گويا خيلی لطف کرده و منت روی‌ مردم میزاه برای‌ جيب خوتون آمدی خجالتم نمی‌کشه,0,youtube_real,real_gold_critique
این تاج دیگه بهش نمیشه گفت پررو!!! ایشون ک....ه پررو ست😂😂😂,1,youtube_real,real_gold_profanity
خیابانی عشقه,0,youtube_real,real_gold_normal
بسیار اماتور هم برنامه هم مجریا و هم رییس فدراسیون! یاد عادل به خیر,0,youtube_real,real_gold_critique
تاج، گفته مگه تو صدا و سیما شیله و پیله داریم. 😂,0,youtube_real,real_gold_sarcasm
عجب کرسی شعر قشنگی بود در سیرک صدا و سیما!,0,youtube_real,real_gold_sarcasm
سلام ریس فدراسیون نمیدونه جام چنده من بودم میگفتم جام بیست و یک,0,youtube_real,real_gold_normal
😂😂 عجب !!! واقعا وقاحت تا چقدر!!!!,0,youtube_real,real_gold_critique
ب خدا هم خیابانی هم تاج ب عشق پرچم. خدا را شکر ک نیمه دوم از انگلیس ا گل خوردیم ب میل هم زدیم وخ خ خ خ خ,0,youtube_real,real_gold_normal
نه خیر عربستان چند دوره ست. هوشمندانه داره حاضر میشه ودر قطرهم نتیجه خوبی گرفت,0,youtube_real,real_gold_normal
همش هماهنگی شده,0,youtube_real,real_gold_sarcasm
تيم ميلي هست نه ملي، اگر ملي بود ملت يك لحظه وقاحت شما رو تحمل نميكنه، تحمل دو تا مجري كه سوالات مردم رو مطرح ميكنن رو نداري,0,youtube_real,real_gold_critique
فقط دنبال درصد از بازیکنان و سرمربی بوده نه پیشرفت تیم,0,youtube_real,real_gold_critique
تاج + خیابانی = نمومه ای کوچک از وضعیت فعلی,0,youtube_real,real_gold_critique
خُدشه دار؟؟؟😂😂😂😂😂,0,youtube_real,real_gold_normal
مجری لال شدی چرا نمی‌دونم ،,0,youtube_real,real_gold_normal
این آدم پر روئی هست برای مصاحبه کسی رو میخواست مثل عادل فردوسی پور که به قول بعضی ها نسخ ازش بکشه بیرون و یا اگر خیلی پرروگر,1,youtube_real,real_gold_insult
من بودم جوابتو میدادم,0,youtube_real,real_gold_normal
خسته نباشی ....همه ی دنیا از من بدش میاد من از این تاج...خداااا اول منو نیست کن بعد اونو نابود,0,youtube_real,real_gold_critique
سلام. دوتا مجری با جنم بیاوردید که تاج لف بدادند.,0,youtube_real,real_gold_critique
چقد حرفه ای دوتا مجری رو سر کار گذاشته و با اعصابشون بازی میکنه . الکی نیست بهش میگن خ ک فدراسیون .,1,youtube_real,real_gold_profanity
وقتی ساختار خراب است ، به مفهوم علمی و اجتماعی ، یعنی ورزش و فوتبالی در کشور نیست و چون نیک بنگریم ، فقط دکوری از این صنعت در کشور وجود دارد و نوع گویش و ادبیات جناب تاج هم مختص به همین دکور است و توقع بیش از این نیست,0,youtube_real,real_gold_critique
رسول ، تاج را عصبی کرد,0,youtube_real,real_gold_normal
میله؟؟؟؟؟؟؟؟؟؟؟؟؟؟؟؟؟؟ 27:52,0,youtube_real,real_gold_normal
خخخخخ این چی میگه چ صبری داشتن مجریا دمتون گرم ولی میریدین بش,0,youtube_real,real_gold_normal
اقای حاح رضایی یا مرحوم صدر باید ازاین پرس وجو کنند,0,youtube_real,real_gold_normal
حالا درسته خوشم نمیاد ازش ولی این پسره اصا نمیذاره زر بزنه تاج ببینیم چی میگه,0,youtube_real,real_gold_critique
خياباني قشنگ الاغه. بتنهايي ريد تو نقشه فدراسيون. فوتبال بخاطر دولتي سازي محروم شده و اگه يبار ديگه اينكار كنه بفاك ميره.,1,youtube_real,real_gold_insult
زد به میله ی ما 😂,0,youtube_real,real_gold_normal
این چشم گاوی خیلی داغونه.,1,youtube_real,real_gold_insult
اینگیلیس که خودش ول کرد دو گل زدیم,0,youtube_real,real_gold_normal
من برای فدراسیون فوتبال متاسفم یعنی به غیرازاین ادم فقیع کسی دیگری نیست تازمانی که این موجودرعیس فدراسیون فوتبال هست بایدفاتحه فوتبال راخواند,1,youtube_real,real_gold_insult
1:33:30 داره دروغ میگه,0,youtube_real,real_gold_critique
یه آدم با عرضه پیدا نشد جواب اینو محکم بده,0,youtube_real,real_gold_critique
داره درست میگه درست به حرفاش گوش میدی درست میگه مردم گوش نمیدن,0,youtube_real,real_gold_normal
وقیح تَر از این موجود ندیدم ...,1,youtube_real,real_gold_insult
بدی جواد اینکه خیلی دستمال بدست میگیرد .,0,youtube_real,real_gold_critique
همچین میگه ۳ و خرده ای انگار پول کمیه! ۱۲۰ میلیارد تومان میشه آقای تاج که نفست از جای گرم در میاد.,0,youtube_real,real_gold_critique
خیلی وقیح، با این هه مخارج و دروغگویی. مثال میزنید افغانستان را؟ چه خیری از شما به فوتبال رسیده ؟,1,youtube_real,real_gold_insult
از پای منقل بلند شده مرتکه شیش میزنه,1,youtube_real,real_gold_insult
تا وقتی فوتبال کشورمون توسط امثال این آقا اداره میشه نباید انتظار پیشرفت داشته باشیم دو مجری دارن به صورت محترمانه از ایشون سوال میکنن و ایشون با تمسخر وکنایه جواب میدن واژه ای بهتر از شارلاتان نمیشه رو ایشون گذاشت,0,youtube_real,real_gold_critique
این باید بر کنار شه ناموسن ملت برزیم وزارت ورزش اقا این چ وضعیتیه,0,youtube_real,real_gold_critique
فوتبال پیرش کرد اما پول چی ...,0,youtube_real,real_gold_sarcasm
طرف دو خط اینگلیسی نمیتونه بخ‌نه شده ریس فدراسیون,0,youtube_real,real_gold_critique
این آقای تاج(که حیف از اسم تاج)عجب گاویه,1,youtube_real,real_gold_insult
خخخخ اقای خیابانی میدونی چه تبلیغاتی بین بازی قبل و بعد بازی صدا سیما میگیره باید پول باشگاهها رو بدهن و بعدم مگه تقصیر مردم و باشگاهاست که صدا ودسیما اجازه نمیده تلویزیون ورزشی خصوصی بزنن,0,youtube_real,real_gold_critique
مهدى قائدى بدجور گذاشت درتون,0,youtube_real,real_gold_normal
استقلال عشقه💐💐💐💙💙💙,0,youtube_real,real_gold_normal
بخدا هنوز چهل دقیقه است دارم گریه میکنم...,0,youtube_real,real_gold_normal
استقلال دوست داریم,0,youtube_real,real_gold_normal
💙💙💙💙 عشق است,0,youtube_real,real_gold_normal
نميدونم تو كدوم صحنه داور به نفع استقلال گرفت كه گل محمدى ميگه داور ب نفع گرفته خود لنگيا هم ميدونن برعكس داور ب نفع لنگيا گرفت يكيش صحنه پنالتى رو فرشيد اسماعيلى,0,youtube_real,real_gold_critique
استقلال کبیر💙💙💙💙,0,youtube_real,real_gold_normal
👑عشق است تاج کبیر 👑,0,youtube_real,real_gold_normal
گل ممد چی میگه🌛 🤢🌜,0,youtube_real,real_gold_normal
گلمحمدی چی میگه😂😂😂😂,0,youtube_real,real_gold_normal
عشق است و تمام...؟؟ تاج بزرگ و سالار تمام تیمهای ایران....دس خوش ✔✔✔,0,youtube_real,real_gold_normal
عکس علیکور و کنار داش ممد نذارین بابا برامون افت داره,0,youtube_real,real_gold_normal
آقابشارچه خوشگل میگفت باختیم😁😏,0,youtube_real,real_gold_sarcasm
دقیقه ۲.۳۲ مجیدی به صورت اتفاقی جاخالی داد به شادی بهزاد غلامپور ، نزدیک بود کمر مجیدی رو بشکنه خدا بهش رحم کرد🤣🤣🤣,0,youtube_real,real_gold_normal
یاشاسن تراختور 😍😍😍😍❤❤😍❤❤😍❤❤❤❤❤❤❤❤❤,0,youtube_real,real_gold_normal
فقط تراختور وسلام ❤❤❤❤❤❤❤❤❤❤❤❤❤❤❤❤❤❤,0,youtube_real,real_gold_normal
کی رو میگفت یحیی؟,0,youtube_real,real_gold_normal
برا رسن تونل زدن خخخخخخ,0,youtube_real,real_gold_normal
اگه استقلال قهرمان بشه سوپرجام دربيه ؟,0,youtube_real,real_gold_normal
تاج کبیر آسیا سرور کل لنگیا💙⭐️⭐️💙,0,youtube_real,real_gold_sarcasm
وقتی نیمه نهایی و شانسی با پنالتی بری بالا اینجوری میشه یهو تو یه نیمه سه تا پشت هم میخوری و بازی واگذار میکنی وگرنه با گل شانسی دقایق پایانی از شکست فرار کردن و تو پنالتی شانسی بردن افتخاری نداره,0,youtube_real,real_gold_critique
چیطوری یحیی موقشنگ تادقیقه88که گل زدی نیشت اندازه دروازه شیرازبازبودبعدش که باختی همه دوست داشتن ببازی پس چی بگن تیمهای دیگه تواین چندسال انواع واقسام جام بهتون تقدیم میکردند اون موقع فوتبال پاک بود نه بمیرباحرف زدنت خاک برسر,0,youtube_real,real_gold_critique
چ بازی قشنگی سوپر گلهای قائدی و دانشگر و کلن شیش گل زیبا,0,youtube_real,real_gold_normal
پرسپولیس همیشه سروراستقلال بدانید,0,youtube_real,real_gold_sarcasm
باخت توجیه نداره، اما ، بازیکنهای پرسپولیس بدون ، هوادار ها ازون راضی هستن ، دمشون گرم ، خسته نباشن ،,0,youtube_real,real_gold_critique
دمتون گرم که حواشی بازی هم گذاشتین,0,youtube_real,real_gold_normal
معلومه بااین صحبت‌هایی که گل محمدی میکنه نشون میده که واقعا مخ ایشون گوزیده چون دراین بازی داوری کلا به نفع پرسپولیس بود ایشون مثل اینکه حرف کارشناسان داوری هم قبول نداره آدم باید جنبه باخت راداشته باشه,1,youtube_real,real_gold_profanity
گل محمدی حرف مفت میزنه. داور بازی رو درآورد... میخواستند استقلال قهرمان جام حذفی بشه.... و از این نمونه مزخرفات. پنالتی ها که دیگه دست خودتون بود. خودتون گند زدید و باختید. حالا اینجوری میخواهی باخت خودتو ماست مالی کنی؟,0,youtube_real,real_gold_critique
فقط اینو استقلالیا بدونن که ما به یحیی گل محمدی باختیم وگرنه استقلال هیچ وقت در حد پرسپولیس نبود و نیست,0,youtube_real,real_gold_sarcasm
منم تخمام رو تقدیم رهبر میکنم,1,youtube_real,real_gold_profanity
ترابی خایه مال خوب بمال خوب بمال 👍😂,1,youtube_real,real_gold_profanity
این رو قبلا دیده بودم ...فقط اومدم که بگم...آبی آبی آبی کوس ننت ترابی,1,youtube_real,real_gold_profanity
شیر مادر حلالشون هر کی، بهش فوش داد,0,youtube_real,real_gold_normal
خایمال کی بودی تو😅😅,1,youtube_real,real_gold_profanity
ببینید یه ادم تا کجا تحت تاثیر قرار میگیره,0,youtube_real,real_gold_normal
ابی ابی ابی ،خخخخخ,0,youtube_real,real_gold_normal
منم آدم سیاسی نیستم آدم دولی هستم جناب ترابی سلام منو خدمت والده محترم برسانید,0,youtube_real,real_gold_sarcasm
"چون در آخرین کلیب بخاطر صدای بوق , شعارهای کاملا برحق هموطنان استقلالی درست شنیده نمیشد ! وظیفه خود دانستم که آن شعار خایه مال ضایع کن را دقیق بنویسم که همه اصل شعار را متوجه شوند !!! عده ای فریاد میزدند > ابی آبی آبی ! وبقیه هم جواب میدادند > کوس خواهر ترابی ! حالا یکمرتبه باهم بگید > آبی آبی آبی > کوس خواهر ترابی ! ماشالله دم همتون گرم . و",0,youtube_real,real_gold_normal
خایه مال😂😂😂😂😂🤣🤣🤣🤣🤣🤣🤣🤣🤣🤣,1,youtube_real,real_gold_profanity
ترابی خایه مال😂🖕🏿,1,youtube_real,real_gold_profanity
ترابی جدتو گائیدم,1,youtube_real,real_gold_profanity
احمق بااين كارش ميخاد بره تيم ملي ريدي بابا ديگه خواب تيم ملي روهم نميبيني اگه دعوتت كنن خيلي بد ميشه رفتي بيش مهدي رحمتي عزيزم,1,youtube_real,real_gold_insult
کس ننت ترابی,1,youtube_real,real_gold_profanity
خداوکیلی اینا انقد خرن یا خودشونو زدن به خریت. کار دلی بوده؟ ابرو هرچی ورزشیه برد,1,youtube_real,real_gold_insult
صداتو گائیدم,1,youtube_real,real_gold_profanity
حتمااون پشت خبری بوده ک جلوش چیزی نوشته شدش!,0,youtube_real,real_gold_normal
دم تماشاچیان استقلال گرم.,0,youtube_real,real_gold_normal
واکنش طرفداران قرمز چی بوده ؟ مطابق قوانین فیفا نبایستی سیاست رو وارد فوتبال میکرد .,0,youtube_real,real_gold_critique
کیرم دهنت ترابی.یه روز میکننت,1,youtube_real,real_gold_profanity
این کار دلیت باعث رو دلیت نشه,0,youtube_real,real_gold_normal
ترابی خایه مال هی هی ترابی خایه مال هی هی ترابی خایه مال هی هی,1,youtube_real,real_gold_profanity
گوه زیادی خورده ولش کنید دلی بوده,1,youtube_real,real_gold_insult
من کاری به کارش ندارم ولی آخه مگه با فحاشی چیزی درست میشه. تا کی میخوایم دنبال بهونه باشیم تا همدیگرو له کنیم. واقعا جای تأسف داره همچین مردمی داشتن. البته روی حرف با همه نیست.,0,youtube_real,real_gold_critique
آبی آبی آبی آبی,0,youtube_real,real_gold_normal
ینی لایق یحرفه قشنگی...هیچی تو کس ننت..,1,youtube_real,real_gold_profanity
لعنت به این آدم خایمال کثیف,1,youtube_real,real_gold_profanity
هنر نزد ایرانیان است و بس تضمین چهارمین کاپ چوسکی واونم از سلطان پروین موذیانه,0,youtube_real,real_gold_sarcasm
خایه مال همچین رکیکم نیست.خیلی هم بهش میاد اتفاقا.دمشون گرم,1,youtube_real,real_gold_profanity
ترابی عشقه استوره پرسپولیس 🇮🇷❤️🚀,0,youtube_real,real_gold_normal
فیلم.سینمایی.مالش.خائه.بابازی.مهدی.ترابی,1,youtube_real,real_gold_profanity
سلام اقاپسرهای استقلالی وپرسپولیسی خواهشآ برای یک ادم بی شعور نفهم به خانواده های خودتون توهین نکنید,1,youtube_real,real_gold_insult
کیرم تو قیافت ....,1,youtube_real,real_gold_profanity
بی ناموسسسسس,1,youtube_real,real_gold_profanity
از یه لنگی چه توقعی دارید!!!؟ اون بازیکن یه تیم دولتی و حکومتی هستش که وظیفه داره حسابی خایه مالی کنه,1,youtube_real,real_gold_profanity
مسخره ها، اینم شد برنامه و سوژه؟,0,youtube_real,real_gold_critique
واقعا طرفدار راست میگن این کارش خایمالی بیش نیست,1,youtube_real,real_gold_profanity
واقعا که ترابی خایه مال 😂❤,1,youtube_real,real_gold_profanity
مهدی ترابی. مردی. مهدی ترابی خیلی مردی. جکر تو عشق است. مهدی ترابی. یعنی غیرت ایرانی. گور بشه. ه. کسی که نتونه. غیرت و همیت ایرانی راببینه.,0,youtube_real,real_gold_normal
بازیکن خوبیه ولی خایماله,1,youtube_real,real_gold_profanity
آره دقیقا این یه کار کاملا خایمالی بود,1,youtube_real,real_gold_profanity
امید ترابی 🇮🇷❤️,0,youtube_real,real_gold_normal
شما لاشی هستئ,1,youtube_real,real_gold_insult
یعنی ورزشکاری مثل اینو باید ببندنش تو طویله,1,youtube_real,real_gold_insult
البته از بعد از انقلاب پرسپولیس تیم آدم فروشا شده نمیبینید یدونه آدم فروش هم طرفدار تیم تاج نیست من خودم قبلا طرفدار پرسپولیس بودم بخاطر همین مسخره بازیها طرفدار استقلال عزیز شدم واقعا مردمی ترین تیمه دمت گرم استقلال خدا را شکر میکنم که آدم فروشا طرفدار تیم رقیبند و یدونه آدم فروش تابحال حداقل من ندیدم که طرفدار تاج باشه.درود بر تاج مردمی درود عزیز من درود .,1,youtube_real,real_gold_insult
کیسه کیشه از حسادت دق کردن ۵ساله رنگ صدر رو ندیدن,1,youtube_real,real_gold_insult
بری تو کوچه و خیابون. مردم ببیننت فحش و لعنت بهت میدن. چقدر گرفته بودی که اینکارو کردی؟ واقعا ارزش داشت؟؟؟!!,0,youtube_real,real_gold_critique
تمام هنرمندان و ورزشکاران و حتی کارمندان وزارتخانه ها تمامش بهمین صورت ظاهرسازی میکنند و مگر علی دائی نبود وسط زمین نماز میخواند و جدیدا مد شده زیر لباس عکس شهیدها و زینب و فاطمه و سید علی میگذارند حرفی برای این قشر نیست و همه اینها تمامشان میگویند دلی..آخه دلی از قبل لباس تهیه کردن جای شک دارد..,0,youtube_real,real_gold_critique
دمشون گرم هرچه فحاش بیشتربه این ناموس بدهندبهترخایمال زمان,0,youtube_real,real_gold_normal
چرا آزادی بیان ی ورزشکار رو زیر سوال میبرید,0,youtube_real,real_gold_critique
من سیاسی نیستم یعنی من گوهم بزم گوسفندم. ننم وبگاییدمسئله ای نیست هرکس اینوبگه بدونه معنیش اینه,0,youtube_real,real_gold_sarcasm
اولین کامنت😅 دوس داشتم مساوی شه😕,0,youtube_real,real_gold_normal
چطور میشه ی نفر دوتا تیم تو لیگ داشته باشه الان تراکتور راحت ۶امتیاز هر سال تو حسابش داره خدا کنه ماشین سقوط کنه,0,youtube_real,real_gold_critique
دمت گرم...واقعا زحمت می‌کشی...عشقی⁦♥️⁩,0,youtube_real,real_gold_normal
دمت‌‌گرم‌‌مهدی‌جان‌ ‌وواقعا‌که‌ادم‌با‌معرفت‌وبا‌وجدان‌کاری‌ هستی‌‌👍🙏🌹🌷,0,youtube_real,real_gold_normal
با معرفت با وجدان کاری🔥❤😍,0,youtube_real,real_gold_normal
پرچمت بالاس داداش ❤❤❤,0,youtube_real,real_gold_normal
مهدی شجری پرچمت بالاست همیشه ❣❣❣❤,0,youtube_real,real_gold_normal
دوستان نظرات از لایکا بیشتره لایکم بکنین بد نیستا !,0,youtube_real,real_gold_normal
کارت درسته عالی بودی هستی⁦❤️⁩⁦❤️⁩⁦❤️⁩,0,youtube_real,real_gold_normal
واقعا عالی باورم نمیشه همچین آدم راستگویی وجود داشته باشه,0,youtube_real,real_gold_normal
واقعا دمت گرم که مارو آگاه می کنی عشقی.همیشه ویدیوهاتو نگاه می کنم,0,youtube_real,real_gold_normal
و راستی یک فیلم هم در مورد شبکه 5G بزارین که چطور شبکه ای هست و آیا ضرر داره و واسه ما ایرانی ها خوبه یا نه و از این جور سوالات ..... که تو موبایل های الان هم هست و داره رایج میشه😙😘😚,0,youtube_real,real_gold_normal
سلام داداش جمالتو عشقه سپاس بزرگوار ادامه بده عالیه خدا عمرباعزت بهتون بده ان شاالله❤❤,0,youtube_real,real_gold_normal
عالی ❤ میت ۳۰پرو هم توی ایران ارزون شده یه تست بکن👍❤,0,youtube_real,real_gold_normal
اقا مهدی دمت گرم خیلی مردی همیشه پیروز و سربلند,0,youtube_real,real_gold_normal
عالی عالی❤❤❤,0,youtube_real,real_gold_normal
داداش تو کارت درسته هیچکس مثل تو نمیتونه اینقدر خوب درباره گوشی صحبت کنه و تجربه هاش رو با ما به اشتراک بزاره دمت گرم عشقی,0,youtube_real,real_gold_normal
موفق باشی داداش❤❤❤❤ دمت گرم👏👏👏❤❤❤❤ حرف دلتو بزن نترس👏👏👏👏❤❤❤❤ بازم میگم موفق باشی❤❤❤❤,0,youtube_real,real_gold_normal
عالی مهدی جان همیشه دوست داشتنی هستی از قدیم گفتن در دروازه رو میشه بست در دهن مردم رو نمیشه بست ⁦♥️⁩,0,youtube_real,real_gold_normal
داداش پرچمت بالاس❤❤❤☺️,0,youtube_real,real_gold_normal
سلام خدمت شما تشکر از رهنمایی های سودمندتان واقعا برای انتخاب گوشی خیلی کمکم کرد. موفق باشید.,0,youtube_real,real_gold_normal
اولین لایک😎👍🏼,0,youtube_real,real_gold_normal
خفن ترین خودمونییییییی به نیم میلیون هم میرسی همه دنبال فوق العاده هان 💛💛💛💛,0,youtube_real,real_gold_normal
داداش شما خیلیم خوبی انرژی های منفی رو بیخیال همیشه هم ویدیوهات واقعا عالی و کاربردی بوده موفق باشی🙌🏻✌🏻😉,0,youtube_real,real_gold_normal
آففففففففرینننن ، دمت گرم .... ادااااامه بده KEEP GOING,0,youtube_real,real_gold_normal
خیلی خوبه که روی هیچ برندی تعصب نداری ❤️💜💙💚👌,0,youtube_real,real_gold_normal
شما برا ما عزیزی 😘,0,youtube_real,real_gold_normal
عشقی داداش😘😘😘😘😘😘😘,0,youtube_real,real_gold_normal
عالی بود تا آخر دیدم دیدم و لایک هم کردم,0,youtube_real,real_gold_normal
ولی در کل خیلی آدم خاکی و باحالی هستی پرچمت بالاس آنباکس هایی هم که میسازی خیلی جذابه,0,youtube_real,real_gold_normal
کارت درسته👏🏼 همیشه موفق باشی🌹❤,0,youtube_real,real_gold_normal
آقا مرسی عالی بود ❤,0,youtube_real,real_gold_normal
6:00نایس من یاد اون پیر مرده که داشت تبلیغ میکرد افتادم شما هم یادش افتادید😂😂😂😂😂😂😂😂💞,0,youtube_real,real_gold_normal
دنیا همیشه با کسانی که کار درست رو میکنند مشکل داشته و سعی کرده اون ها رو از بین ببره و ..... همین طوری به کارت ادامه بده عشقی⁦♥️⁩⁦♥️⁩⁦♥️⁩👍👍👍,0,youtube_real,real_gold_normal
عالی دمت گرم همینطوری اکتیو باش عالی👍🏻👍🏻👍🏻,0,youtube_real,real_gold_normal
خداروشکر که همچیو واقعی میگی تا مردم بتونن خرید بهتریو داشته باشن😀 همین راهو ادامه بده عالی هستی❤❤,0,youtube_real,real_gold_normal
دمت گرم انشالله همیشه پابر جا و زنده باشی احسنت به این همه روراستی,0,youtube_real,real_gold_normal
عالی بود سپاس,0,youtube_real,real_gold_normal
دمت گرم داداش موفق باشی❤️,0,youtube_real,real_gold_normal
دستت درد نکنه که حرف حق رو میزنی❤❤,0,youtube_real,real_gold_normal
دمت گرم عالی بود❤❤❤❤,0,youtube_real,real_gold_normal
مرسي مهدي جان خيلي دلسوزانه👌🌹❤,0,youtube_real,real_gold_normal
دمت گرم داداش عشقی ویدیو های تو بود کمکم کرد یه گوشی خوب واسه سلیقه خودم بخرم واقعا کارت عالیه,0,youtube_real,real_gold_normal
مرسی واقعا از کارات راضی بودیم🙏👌🌹,0,youtube_real,real_gold_normal
ممنون کارت همیشه درست بوده و هست,0,youtube_real,real_gold_normal
ممنونم آقای شجری واقعا زحمت میکشید !!!🧿 ♥️♥️♥️♥️♥️♥️♥️♥️♥️♥️♥️♥️♥️ کوری چشم بد خواهات.🧿,0,youtube_real,real_gold_normal
بابت زحماتت ممنون,0,youtube_real,real_gold_normal
خیلی خیلی عالیه کارت واقعا جدی میگم خوشم میاد از کانالت دمت گرم امیدوارم تو زندگیت همیشه برکت و شادی و سلامتی باشه 🌹🌹,0,youtube_real,real_gold_normal
قبولت داریم...کارت عالیه!ادامه بده,0,youtube_real,real_gold_normal
خسته نباشی عزیز دل کارت درسته ..واسه ما که ثابت شده,0,youtube_real,real_gold_normal
دمت گرم مشتی ایول داری ویدیو هات خیلی بهم کمک کرد تا گوشی مناسب واسه خودم رو انتخاب کنم,0,youtube_real,real_gold_normal
دمت گرم صفای وجودت خیلی چیزا یاد میگیریم خسته نباشی.,0,youtube_real,real_gold_normal
سلام ممنون واقعا عالی بود.,0,youtube_real,real_gold_normal
ممنون و خسته نباشید اطلاعات بسیار خوبی میدین,0,youtube_real,real_gold_normal
حاجی تو کارت درسته ما قبولت داریم خیلی زحمت میکشی❤❤❤,0,youtube_real,real_gold_normal
این آمار ها رو دوباره بزار و دائمی کنشون خیلی کاربردی و جالبه,0,youtube_real,real_gold_normal
مرسی بابت اطلاعات جذابت و این پرسشنامه ک کار بسیار خوبی بود♥️🤌,0,youtube_real,real_gold_normal
حضوری یه لذت دیگه داره,0,youtube_real,real_gold_normal
احسنت به سامسونگ,0,youtube_real,real_gold_normal
عالی فقت سامسونگ,0,youtube_real,real_gold_normal
پرسشنامه هه جایزه لازم بودا 🔥❤,0,youtube_real,real_gold_normal
مقایسه دوربین قاتل پرچمدار ها رو هم بذار دمت گرم برو درسته😎,0,youtube_real,real_gold_normal
مهدی باید ویدیو رو طولانی تر میکردی دوساعتم بود میدیدم😅❤,0,youtube_real,real_gold_normal
همینجوری ادامه بده داداش❤️❤️❤️,0,youtube_real,real_gold_normal
عالی مثل همیشه عشقی😍❤️,0,youtube_real,real_gold_normal
خیلی منتظرش بودم 👍🏻❤️,0,youtube_real,real_gold_normal
مثل همیشه عالی بود👌🏻👏🏻,0,youtube_real,real_gold_normal
کامنت 34رم 👏👏♥️♥️🌹🌹🌹🤣,0,youtube_real,real_gold_normal
عالی بود .شیائومی گوشیاشو هم بهتر وباقیمتی مناسب تر از سامسونگ تراحی می‌کنه ولی سامسونگ خوبه♥️,0,youtube_real,real_gold_critique
110k مبارک پیشاپیش❤💚💜💙💛😍😘,0,youtube_real,real_gold_normal
خیلی منتظر این ویدئو بودم,0,youtube_real,real_gold_normal
مهدی جان ؛ ممنون از ویدیو حرفه‌ای جذاب و صمیمیت دمت گرم,0,youtube_real,real_gold_normal
چه ویدئو خوش رنگی,0,youtube_real,real_gold_normal
امیدوارم برندهایی مثل وانپلاس و ویوو هم دربازارایران جای پای محکمی ایجاد نمایند👌👍,0,youtube_real,real_gold_normal
کار آماری خیلی جذابی بود ، دمت گرم,0,youtube_real,real_gold_normal
خیلی عالی و کاربردی😘🙌❤,0,youtube_real,real_gold_normal
ویدیو خوبی بود، دمت گرم,0,youtube_real,real_gold_normal
💛💛💛👏👏عالی بود خدا قوت,0,youtube_real,real_gold_normal
خیلی ویدئو جالبی بود 🙃❤,0,youtube_real,real_gold_normal
موفق باشی مهدی جان🥰,0,youtube_real,real_gold_normal
عالی ازینا بیشتر بزارید مرسی,0,youtube_real,real_gold_normal
پس بلاخره آمار اون چیزایی که چند وقت پیش پر کردیم اودم 👌👌 چه اطلاعات خفنی ولی 👏🔥,0,youtube_real,real_gold_normal
عالی حاجی💖💖🌹,0,youtube_real,real_gold_normal
عالی بودش دمت گرم,0,youtube_real,real_gold_normal
عالی بود ایور ممنون,0,youtube_real,real_gold_normal
خیلی خوب بود مهدی جون👌👌,0,youtube_real,real_gold_normal
منتظر این ویدئو بودم,0,youtube_real,real_gold_normal
عالی دمت گرم,0,youtube_real,real_gold_normal
بهترین جوابو اونی داد که گفت، گوشی ایرانی نداریم ، همش ساخت چینه. واقعا همینه.,0,youtube_real,real_gold_critique
گوشی ایرانی هم یه چیزی تو مایه های خودرو ایرانی میشه,0,youtube_real,real_gold_sarcasm
فقط اونی که گفت آیفون ۱۵ از آینده اومده بود 😂,0,youtube_real,real_gold_normal
3:54 فقط اینجا🤣🤣,0,youtube_real,real_gold_normal
فقط اون آیفون 15 منو پرتاپ کرد 👀🍙,0,youtube_real,real_gold_normal
4:27 سم بنکمن فرید مدیر صرافی اف تی اکس !,0,youtube_real,real_gold_normal
خیلی عجیب بود یه مرده داشت ازش مصاحبه میکرد گفت ایفون ۱۵ 😂😂 من همون زمانی که گفت این حروفو حنگ کردم 😂,0,youtube_real,real_gold_normal
سه بار خریدم مثل چی پشیمون شدم. هیچوقت دیگ نمیخرم,0,youtube_real,real_gold_complaint
گوشی چینی درجه 3 و 4 با برند ایرانی,0,youtube_real,real_gold_critique
احتمال یه در هزار هه,0,youtube_real,real_gold_normal
سلام اقا بهزاد عزیز یه سوال دارم قصد خرید galaxy a54 دارم میخوام بدونم a54 s کی قراره معرفی بشه و ایا ارزش داره به خاطرش صبر کنم,0,youtube_real,real_gold_normal
اولین گوشی اس 9 پرچمدار داشته بعد الان آنر c7 داره که گوشی اقتصادیه او از اس 9 قدیمی تر 🤔,0,youtube_real,real_gold_normal
میشه لطفا بگید کی گوشی 12t در بازار موجود میشه و اینکه چرا موجود نیست میخوام بخرم ۳هفته منتظر موجود شدن هستم,0,youtube_real,real_gold_complaint
یه جی الیکس. اسپارک داشتم.. واسه یدونه سوکت شارژ اون موقع ده برابر سوکت شارژ سامسونگ ازم پول گرفتن.. اشغال به تمام معنا... 😂😂😂,0,youtube_real,real_gold_complaint
مگه a52s چه گناهی کرده ؟ 😂😅,0,youtube_real,real_gold_normal
مگه دیوانه ایم بعدش عین پراید میشه😂,0,youtube_real,real_gold_sarcasm
لطفا ب جنس اسلامی نگین جنس ایرانی,0,youtube_real,real_gold_critique
فقط اونی که گفت جی ال ایکس داشتم حتی تماس هم جواب نمی‌داد,0,youtube_real,real_gold_normal
خدا کنه نسازن که اگر بسازن نتیجش میشه عاقبت ایرانخودرو و سایپا با مردم,0,youtube_real,real_gold_critique
من به شخصه جرعت ندارم گوشی ایرانی بخرم بجز کیفیت و غیره احساس میکنم کلا زیر نظرم😂,0,youtube_real,real_gold_sarcasm
من یه جی ال ایکس اسپایدر داشتم اون موقع(۶سال پیش)۷۰۰تومن دادم بهش خریدن واقعاپشیمونم کرد هرچنداگه بتونن یه چیزی درحد شیائمومی ردمی۱۲یاپوکوx4 بزنن شایدبازم بخرم,0,youtube_real,real_gold_complaint
دوست دارم که مسعولین علاقه دارن همه چیو ملی کنن ولی تو همشم ...,0,youtube_real,real_gold_critique
فقط اونی که گفتم یادم نمیاد گوشی اولم چی بوده 🤢,0,youtube_real,real_gold_normal
فکر کن گوشی ایرانی داری بعد یه کاری میکنی یا یه چیزی میگی گوشی منفجر میشه,0,youtube_real,real_gold_sarcasm
اون خانمه خیلی جالب شما ازش میپرسی اولین گوشی که داشتید چی بود برگشته میگه نمیدونم ولی قبلی 12 پرو بود😐😐😐 چه ربطی داشت نمی‌دونم آیا این یه نوع فخرفروشی بود,0,youtube_real,real_gold_normal
یه روز کاری باهامون میکنن که مجبور بشیم اونم با منت و با صف بخریم,0,youtube_real,real_gold_critique
غذای ایرانی رو با گوشی ایرانی مقایسه نکنید,0,youtube_real,real_gold_critique
من گوشی ایرانی ارزون هم باشه نمیگیرم,0,youtube_real,real_gold_normal
منی که الان گوشی ایرانی(gplus x20) دارم و راضیم,0,youtube_real,real_gold_normal
دم اونی که گفت ایرانی هر کاریش کنی گند میزنه دمش گرم هزاران درود برتو❤❤❤❤,0,youtube_real,real_gold_normal
گوشی خارجی بخرید,0,youtube_real,real_gold_normal
گوشی بخرید بخرید بخرید,0,youtube_real,real_gold_normal
اگه ایرانی خوب باشه ، افتخار هم میکنیم ، منتها هنوز فاصله داریم,0,youtube_real,real_gold_critique
😂 دوستان شما گوشی ایرانی بخرید اما نمیتونی بیای یوتیوب و اپلیکیشن های خارجی فقط ایرانی میتونی بازم انتخاب با خودت,0,youtube_real,real_gold_normal
اگه قیمت مناسب و مشخصات در حد رقبا داشته باشه میخرم گوشی ایرانی ،حمایت هم میکنم,0,youtube_real,real_gold_normal
اصلا مگه گوشی ایرانی داریم؟ 😐 فقط به جای اینکه یه چینی بیاد اسمبلش کنه یه کارگر ایرانی بوده که پولی هم نصیبش نمیشه,0,youtube_real,real_gold_critique
چقدر بد این مجری واقعا بی کلاس درپیت,1,youtube_real,real_gold_insult
